Row ID,Order ID,Order Date,Ship Date,Ship Mode,Customer ID,Customer Name,Segment,Country,City,State,Postal Code,Region,Product ID,Category,Sub-Category,Product Name,Sales,Quantity,Discount,Profit,Order Month
1,CA-2016-152156,2016-11-08,2016-11-11,Second Class,CG-12520,Claire Gute,Consumer,United States,Henderson,Kentucky,42420,South,FUR-BO-10001798,Furniture,Bookcases,Bush Somerset Collection Bookcase,261.96,2,0.0,41.9136,2016-11
2,CA-2016-152156,2016-11-08,2016-11-11,Second Class,CG-12520,Claire Gute,Consumer,United States,Henderson,Kentucky,42420,South,FUR-CH-10000454,Furniture,Chairs,"Hon Deluxe Fabric Upholstered Stacking Chairs, Rounded Back",731.94,3,0.0,219.582,2016-11
3,CA-2016-138688,2016-06-12,2016-06-16,Second Class,DV-13045,Darrin Van Huff,Corporate,United States,Los Angeles,California,90036,West,OFF-LA-10000240,Office Supplies,Labels,Self-Adhesive Address Labels for Typewriters by Universal,14.62,2,0.0,6.8714,2016-06
4,US-2015-108966,2015-10-11,2015-10-18,Standard Class,SO-20335,Sean O'Donnell,Consumer,United States,Fort Lauderdale,Florida,33311,South,FUR-TA-10000577,Furniture,Tables,Bretford CR4500 Series Slim Rectangular Table,957.5775,5,0.45,-383.031,2015-10
5,US-2015-108966,2015-10-11,2015-10-18,Standard Class,SO-20335,Sean O'Donnell,Consumer,United States,Fort Lauderdale,Florida,33311,South,OFF-ST-10000760,Office Supplies,Storage,Eldon Fold 'N Roll Cart System,22.368,2,0.2,2.5164,2015-10
6,CA-2014-115812,2014-06-09,2014-06-14,Standard Class,BH-11710,Brosina Hoffman,Consumer,United States,Los Angeles,California,90032,West,FUR-FU-10001487,Furniture,Furnishings,"Eldon Expressions Wood and Plastic Desk Accessories, Cherry Wood",48.86,7,0.0,14.1694,2014-06
7,CA-2014-115812,2014-06-09,2014-06-14,Standard Class,BH-11710,Brosina Hoffman,Consumer,United States,Los Angeles,California,90032,West,OFF-AR-10002833,Office Supplies,Art,Newell 322,7.28,4,0.0,1.9656,2014-06
8,CA-2014-115812,2014-06-09,2014-06-14,Standard Class,BH-11710,Brosina Hoffman,Consumer,United States,Los Angeles,California,90032,West,TEC-PH-10002275,Technology,Phones,Mitel 5320 IP Phone VoIP phone,907.152,6,0.2,90.7152,2014-06
9,CA-2014-115812,2014-06-09,2014-06-14,Standard Class,BH-11710,Brosina Hoffman,Consumer,United States,Los Angeles,California,90032,West,OFF-BI-10003910,Office Supplies,Binders,DXL Angle-View Binders with Locking Rings by Samsill,18.504,3,0.2,5.7825,2014-06
10,CA-2014-115812,2014-06-09,2014-06-14,Standard Class,BH-11710,Brosina Hoffman,Consumer,United States,Los Angeles,California,90032,West,OFF-AP-10002892,Office Supplies,Appliances,Belkin F5C206VTEL 6 Outlet Surge,114.9,5,0.0,34.47,2014-06
11,CA-2014-115812,2014-06-09,2014-06-14,Standard Class,BH-11710,Brosina Hoffman,Consumer,United States,Los Angeles,California,90032,West,FUR-TA-10001539,Furniture,Tables,Chromcraft Rectangular Conference Tables,1706.184,9,0.2,85.3092,2014-06
12,CA-2014-115812,2014-06-09,2014-06-14,Standard Class,BH-11710,Brosina Hoffman,Consumer,United States,Los Angeles,California,90032,West,TEC-PH-10002033,Technology,Phones,Konftel 250 Conference phone - Charcoal black,911.424,4,0.2,68.3568,2014-06
13,CA-2017-114412,2017-04-15,2017-04-20,Standard Class,AA-10480,Andrew Allen,Consumer,United States,Concord,North Carolina,28027,South,OFF-PA-10002365,Office Supplies,Paper,Xerox 1967,15.552,3,0.2,5.4432,2017-04
14,CA-2016-161389,2016-12-05,2016-12-10,Standard Class,IM-15070,Irene Maddox,Consumer,United States,Seattle,Washington,98103,West,OFF-BI-10003656,Office Supplies,Binders,Fellowes PB200 Plastic Comb Binding Machine,407.976,3,0.2,132.5922,2016-12
15,US-2015-118983,2015-11-22,2015-11-26,Standard Class,HP-14815,Harold Pawlan,Home Office,United States,Fort Worth,Texas,76106,Central,OFF-AP-10002311,Office Supplies,Appliances,"Holmes Replacement Filter for HEPA Air Cleaner, Very Large Room, HEPA Filter",68.81,5,0.8,-123.858,2015-11
16,US-2015-118983,2015-11-22,2015-11-26,Standard Class,HP-14815,Harold Pawlan,Home Office,United States,Fort Worth,Texas,76106,Central,OFF-BI-10000756,Office Supplies,Binders,Storex DuraTech Recycled Plastic Frosted Binders,2.544,3,0.8,-3.816,2015-11
17,CA-2014-105893,2014-11-11,2014-11-18,Standard Class,PK-19075,Pete Kriz,Consumer,United States,Madison,Wisconsin,53711,Central,OFF-ST-10004186,Office Supplies,Storage,"Stur-D-Stor Shelving, Vertical 5-Shelf: 72""H x 36""W x 18 1/2""D",665.88,6,0.0,13.3176,2014-11
18,CA-2014-167164,2014-05-13,2014-05-15,Second Class,AG-10270,Alejandro Grove,Consumer,United States,West Jordan,Utah,84084,West,OFF-ST-10000107,Office Supplies,Storage,Fellowes Super Stor/Drawer,55.5,2,0.0,9.99,2014-05
19,CA-2014-143336,2014-08-27,2014-09-01,Second Class,ZD-21925,Zuschuss Donatelli,Consumer,United States,San Francisco,California,94109,West,OFF-AR-10003056,Office Supplies,Art,Newell 341,8.56,2,0.0,2.4824,2014-08
20,CA-2014-143336,2014-08-27,2014-09-01,Second Class,ZD-21925,Zuschuss Donatelli,Consumer,United States,San Francisco,California,94109,West,TEC-PH-10001949,Technology,Phones,Cisco SPA 501G IP Phone,213.48,3,0.2,16.011,2014-08
21,CA-2014-143336,2014-08-27,2014-09-01,Second Class,ZD-21925,Zuschuss Donatelli,Consumer,United States,San Francisco,California,94109,West,OFF-BI-10002215,Office Supplies,Binders,"Wilson Jones Hanging View Binder, White, 1""",22.72,4,0.2,7.384,2014-08
22,CA-2016-137330,2016-12-09,2016-12-13,Standard Class,KB-16585,Ken Black,Corporate,United States,Fremont,Nebraska,68025,Central,OFF-AR-10000246,Office Supplies,Art,Newell 318,19.46,7,0.0,5.0596,2016-12
23,CA-2016-137330,2016-12-09,2016-12-13,Standard Class,KB-16585,Ken Black,Corporate,United States,Fremont,Nebraska,68025,Central,OFF-AP-10001492,Office Supplies,Appliances,"Acco Six-Outlet Power Strip, 4' Cord Length",60.34,7,0.0,15.6884,2016-12
24,US-2017-156909,2017-07-16,2017-07-18,Second Class,SF-20065,Sandra Flanagan,Consumer,United States,Philadelphia,Pennsylvania,19140,East,FUR-CH-10002774,Furniture,Chairs,"Global Deluxe Stacking Chair, Gray",71.372,2,0.3,-1.0196,2017-07
25,CA-2015-106320,2015-09-25,2015-09-30,Standard Class,EB-13870,Emily Burns,Consumer,United States,Orem,Utah,84057,West,FUR-TA-10000577,Furniture,Tables,Bretford CR4500 Series Slim Rectangular Table,1044.63,3,0.0,240.2649,2015-09
26,CA-2016-121755,2016-01-16,2016-01-20,Second Class,EH-13945,Eric Hoffmann,Consumer,United States,Los Angeles,California,90049,West,OFF-BI-10001634,Office Supplies,Binders,Wilson Jones Active Use Binders,11.648,2,0.2,4.2224,2016-01
27,CA-2016-121755,2016-01-16,2016-01-20,Second Class,EH-13945,Eric Hoffmann,Consumer,United States,Los Angeles,California,90049,West,TEC-AC-10003027,Technology,Accessories,Imation 8GB Mini TravelDrive USB 2.0 Flash Drive,90.57,3,0.0,11.7741,2016-01
28,US-2015-150630,2015-09-17,2015-09-21,Standard Class,TB-21520,Tracy Blumstein,Consumer,United States,Philadelphia,Pennsylvania,19140,East,FUR-BO-10004834,Furniture,Bookcases,"Riverside Palais Royal Lawyers Bookcase, Royale Cherry Finish",3083.43,7,0.5,-1665.0522,2015-09
29,US-2015-150630,2015-09-17,2015-09-21,Standard Class,TB-21520,Tracy Blumstein,Consumer,United States,Philadelphia,Pennsylvania,19140,East,OFF-BI-10000474,Office Supplies,Binders,Avery Recycled Flexi-View Covers for Binding Systems,9.618,2,0.7,-7.0532,2015-09
30,US-2015-150630,2015-09-17,2015-09-21,Standard Class,TB-21520,Tracy Blumstein,Consumer,United States,Philadelphia,Pennsylvania,19140,East,FUR-FU-10004848,Furniture,Furnishings,"Howard Miller 13-3/4"" Diameter Brushed Chrome Round Wall Clock",124.2,3,0.2,15.525,2015-09
31,US-2015-150630,2015-09-17,2015-09-21,Standard Class,TB-21520,Tracy Blumstein,Consumer,United States,Philadelphia,Pennsylvania,19140,East,OFF-EN-10001509,Office Supplies,Envelopes,Poly String Tie Envelopes,3.264,2,0.2,1.1016,2015-09
32,US-2015-150630,2015-09-17,2015-09-21,Standard Class,TB-21520,Tracy Blumstein,Consumer,United States,Philadelphia,Pennsylvania,19140,East,OFF-AR-10004042,Office Supplies,Art,"BOSTON Model 1800 Electric Pencil Sharpeners, Putty/Woodgrain",86.304,6,0.2,9.7092,2015-09
33,US-2015-150630,2015-09-17,2015-09-21,Standard Class,TB-21520,Tracy Blumstein,Consumer,United States,Philadelphia,Pennsylvania,19140,East,OFF-BI-10001525,Office Supplies,Binders,"Acco Pressboard Covers with Storage Hooks, 14 7/8"" x 11"", Executive Red",6.858,6,0.7,-5.715,2015-09
34,US-2015-150630,2015-09-17,2015-09-21,Standard Class,TB-21520,Tracy Blumstein,Consumer,United States,Philadelphia,Pennsylvania,19140,East,OFF-AR-10001683,Office Supplies,Art,Lumber Crayons,15.76,2,0.2,3.546,2015-09
35,CA-2017-107727,2017-10-19,2017-10-23,Second Class,MA-17560,Matt Abelman,Home Office,United States,Houston,Texas,77095,Central,OFF-PA-10000249,Office Supplies,Paper,Easy-staple paper,29.472,3,0.2,9.9468,2017-10
36,CA-2016-117590,2016-12-08,2016-12-10,First Class,GH-14485,Gene Hale,Corporate,United States,Richardson,Texas,75080,Central,TEC-PH-10004977,Technology,Phones,GE 30524EE4,1097.544,7,0.2,123.4737,2016-12
37,CA-2016-117590,2016-12-08,2016-12-10,First Class,GH-14485,Gene Hale,Corporate,United States,Richardson,Texas,75080,Central,FUR-FU-10003664,Furniture,Furnishings,"Electrix Architect's Clamp-On Swing Arm Lamp, Black",190.92,5,0.6,-147.963,2016-12
38,CA-2015-117415,2015-12-27,2015-12-31,Standard Class,SN-20710,Steve Nguyen,Home Office,United States,Houston,Texas,77041,Central,OFF-EN-10002986,Office Supplies,Envelopes,"#10-4 1/8"" x 9 1/2"" Premium Diagonal Seam Envelopes",113.328,9,0.2,35.415,2015-12
39,CA-2015-117415,2015-12-27,2015-12-31,Standard Class,SN-20710,Steve Nguyen,Home Office,United States,Houston,Texas,77041,Central,FUR-BO-10002545,Furniture,Bookcases,"Atlantic Metals Mobile 3-Shelf Bookcases, Custom Colors",532.3992,3,0.32,-46.9764,2015-12
40,CA-2015-117415,2015-12-27,2015-12-31,Standard Class,SN-20710,Steve Nguyen,Home Office,United States,Houston,Texas,77041,Central,FUR-CH-10004218,Furniture,Chairs,"Global Fabric Manager's Chair, Dark Gray",212.058,3,0.3,-15.147,2015-12
41,CA-2015-117415,2015-12-27,2015-12-31,Standard Class,SN-20710,Steve Nguyen,Home Office,United States,Houston,Texas,77041,Central,TEC-PH-10000486,Technology,Phones,Plantronics HL10 Handset Lifter,371.168,4,0.2,41.7564,2015-12
42,CA-2017-120999,2017-09-10,2017-09-15,Standard Class,LC-16930,Linda Cazamias,Corporate,United States,Naperville,Illinois,60540,Central,TEC-PH-10004093,Technology,Phones,Panasonic Kx-TS550,147.168,4,0.2,16.5564,2017-09
43,CA-2016-101343,2016-07-17,2016-07-22,Standard Class,RA-19885,Ruben Ausman,Corporate,United States,Los Angeles,California,90049,West,OFF-ST-10003479,Office Supplies,Storage,"Eldon Base for stackable storage shelf, platinum",77.88,2,0.0,3.894,2016-07
44,CA-2017-139619,2017-09-19,2017-09-23,Standard Class,ES-14080,Erin Smith,Corporate,United States,Melbourne,Florida,32935,South,OFF-ST-10003282,Office Supplies,Storage,"Advantus 10-Drawer Portable Organizer, Chrome Metal Frame, Smoke Drawers",95.616,2,0.2,9.5616,2017-09
45,CA-2016-118255,2016-03-11,2016-03-13,First Class,ON-18715,Odella Nelson,Corporate,United States,Eagan,Minnesota,55122,Central,TEC-AC-10000171,Technology,Accessories,"Verbatim 25 GB 6x Blu-ray Single Layer Recordable Disc, 25/Pack",45.98,2,0.0,19.7714,2016-03
46,CA-2016-118255,2016-03-11,2016-03-13,First Class,ON-18715,Odella Nelson,Corporate,United States,Eagan,Minnesota,55122,Central,OFF-BI-10003291,Office Supplies,Binders,Wilson Jones Leather-Like Binders with DublLock Round Rings,17.46,2,0.0,8.2062,2016-03
47,CA-2014-146703,2014-10-20,2014-10-25,Second Class,PO-18865,Patrick O'Donnell,Consumer,United States,Westland,Michigan,48185,Central,OFF-ST-10001713,Office Supplies,Storage,"Gould Plastics 9-Pocket Panel Bin, 18-3/8w x 5-1/4d x 20-1/2h, Black",211.96,4,0.0,8.4784,2014-10
48,CA-2016-169194,2016-06-20,2016-06-25,Standard Class,LH-16900,Lena Hernandez,Consumer,United States,Dover,Delaware,19901,East,TEC-AC-10002167,Technology,Accessories,Imation 8gb Micro Traveldrive Usb 2.0 Flash Drive,45.0,3,0.0,4.95,2016-06
49,CA-2016-169194,2016-06-20,2016-06-25,Standard Class,LH-16900,Lena Hernandez,Consumer,United States,Dover,Delaware,19901,East,TEC-PH-10003988,Technology,Phones,"LF Elite 3D Dazzle Designer Hard Case Cover, Lf Stylus Pen and Wiper For Apple Iphone 5c Mini Lite",21.8,2,0.0,6.104,2016-06
50,CA-2015-115742,2015-04-18,2015-04-22,Standard Class,DP-13000,Darren Powers,Consumer,United States,New Albany,Indiana,47150,Central,OFF-BI-10004410,Office Supplies,Binders,"C-Line Peel & Stick Add-On Filing Pockets, 8-3/4 x 5-1/8, 10/Pack",38.22,6,0.0,17.9634,2015-04
51,CA-2015-115742,2015-04-18,2015-04-22,Standard Class,DP-13000,Darren Powers,Consumer,United States,New Albany,Indiana,47150,Central,OFF-LA-10002762,Office Supplies,Labels,Avery 485,75.18,6,0.0,35.3346,2015-04
52,CA-2015-115742,2015-04-18,2015-04-22,Standard Class,DP-13000,Darren Powers,Consumer,United States,New Albany,Indiana,47150,Central,FUR-FU-10001706,Furniture,Furnishings,Longer-Life Soft White Bulbs,6.16,2,0.0,2.9568,2015-04
53,CA-2015-115742,2015-04-18,2015-04-22,Standard Class,DP-13000,Darren Powers,Consumer,United States,New Albany,Indiana,47150,Central,FUR-CH-10003061,Furniture,Chairs,"Global Leather Task Chair, Black",89.99,1,0.0,17.0981,2015-04
54,CA-2016-105816,2016-12-11,2016-12-17,Standard Class,JM-15265,Janet Molinari,Corporate,United States,New York City,New York,10024,East,OFF-FA-10000304,Office Supplies,Fasteners,Advantus Push Pins,15.26,7,0.0,6.2566,2016-12
55,CA-2016-105816,2016-12-11,2016-12-17,Standard Class,JM-15265,Janet Molinari,Corporate,United States,New York City,New York,10024,East,TEC-PH-10002447,Technology,Phones,AT&T CL83451 4-Handset Telephone,1029.95,5,0.0,298.6855,2016-12
56,CA-2016-111682,2016-06-17,2016-06-18,First Class,TB-21055,Ted Butterfield,Consumer,United States,Troy,New York,12180,East,OFF-ST-10000604,Office Supplies,Storage,Home/Office Personal File Carts,208.56,6,0.0,52.14,2016-06
57,CA-2016-111682,2016-06-17,2016-06-18,First Class,TB-21055,Ted Butterfield,Consumer,United States,Troy,New York,12180,East,OFF-PA-10001569,Office Supplies,Paper,Xerox 232,32.4,5,0.0,15.552,2016-06
58,CA-2016-111682,2016-06-17,2016-06-18,First Class,TB-21055,Ted Butterfield,Consumer,United States,Troy,New York,12180,East,FUR-CH-10003968,Furniture,Chairs,Novimex Turbo Task Chair,319.41,5,0.1,7.098,2016-06
59,CA-2016-111682,2016-06-17,2016-06-18,First Class,TB-21055,Ted Butterfield,Consumer,United States,Troy,New York,12180,East,OFF-PA-10000587,Office Supplies,Paper,"Array Parchment Paper, Assorted Colors",14.56,2,0.0,6.9888,2016-06
60,CA-2016-111682,2016-06-17,2016-06-18,First Class,TB-21055,Ted Butterfield,Consumer,United States,Troy,New York,12180,East,TEC-AC-10002167,Technology,Accessories,Imation 8gb Micro Traveldrive Usb 2.0 Flash Drive,30.0,2,0.0,3.3,2016-06
61,CA-2016-111682,2016-06-17,2016-06-18,First Class,TB-21055,Ted Butterfield,Consumer,United States,Troy,New York,12180,East,OFF-BI-10001460,Office Supplies,Binders,Plastic Binding Combs,48.48,4,0.2,16.362,2016-06
62,CA-2016-111682,2016-06-17,2016-06-18,First Class,TB-21055,Ted Butterfield,Consumer,United States,Troy,New York,12180,East,OFF-AR-10001868,Office Supplies,Art,Prang Dustless Chalk Sticks,1.68,1,0.0,0.84,2016-06
63,CA-2015-135545,2015-11-24,2015-11-30,Standard Class,KM-16720,Kunst Miller,Consumer,United States,Los Angeles,California,90004,West,TEC-AC-10004633,Technology,Accessories,"Verbatim 25 GB 6x Blu-ray Single Layer Recordable Disc, 3/Pack",13.98,2,0.0,6.1512,2015-11
64,CA-2015-135545,2015-11-24,2015-11-30,Standard Class,KM-16720,Kunst Miller,Consumer,United States,Los Angeles,California,90004,West,OFF-BI-10001078,Office Supplies,Binders,"Acco PRESSTEX Data Binder with Storage Hooks, Dark Blue, 14 7/8"" X 11""",25.824,6,0.2,9.3612,2015-11
65,CA-2015-135545,2015-11-24,2015-11-30,Standard Class,KM-16720,Kunst Miller,Consumer,United States,Los Angeles,California,90004,West,OFF-PA-10003892,Office Supplies,Paper,Xerox 1943,146.73,3,0.0,68.9631,2015-11
66,CA-2015-135545,2015-11-24,2015-11-30,Standard Class,KM-16720,Kunst Miller,Consumer,United States,Los Angeles,California,90004,West,FUR-FU-10000397,Furniture,Furnishings,Luxo Economy Swing Arm Lamp,79.76,4,0.0,22.3328,2015-11
67,US-2015-164175,2015-04-30,2015-05-05,Standard Class,PS-18970,Paul Stevenson,Home Office,United States,Chicago,Illinois,60610,Central,FUR-CH-10001146,Furniture,Chairs,"Global Value Mid-Back Manager's Chair, Gray",213.115,5,0.3,-15.2225,2015-04
68,CA-2014-106376,2014-12-05,2014-12-10,Standard Class,BS-11590,Brendan Sweed,Corporate,United States,Gilbert,Arizona,85234,West,OFF-AR-10002671,Office Supplies,Art,"Hunt BOSTON Model 1606 High-Volume Electric Pencil Sharpener, Beige",1113.024,8,0.2,111.3024,2014-12
69,CA-2014-106376,2014-12-05,2014-12-10,Standard Class,BS-11590,Brendan Sweed,Corporate,United States,Gilbert,Arizona,85234,West,TEC-PH-10002726,Technology,Phones,netTALK DUO VoIP Telephone Service,167.968,4,0.2,62.988,2014-12
70,CA-2016-119823,2016-06-04,2016-06-06,First Class,KD-16270,Karen Daniels,Consumer,United States,Springfield,Virginia,22153,South,OFF-PA-10000482,Office Supplies,Paper,"Snap-A-Way Black Print Carbonless Ruled Speed Letter, Triplicate",75.88,2,0.0,35.6636,2016-06
71,CA-2016-106075,2016-09-18,2016-09-23,Standard Class,HM-14980,Henry MacAllister,Consumer,United States,New York City,New York,10009,East,OFF-BI-10004654,Office Supplies,Binders,Avery Binding System Hidden Tab Executive Style Index Sets,4.616,1,0.2,1.731,2016-09
72,CA-2017-114440,2017-09-14,2017-09-17,Second Class,TB-21520,Tracy Blumstein,Consumer,United States,Jackson,Michigan,49201,Central,OFF-PA-10004675,Office Supplies,Paper,"Telephone Message Books with Fax/Mobile Section, 5 1/2"" x 3 3/16""",19.05,3,0.0,8.763,2017-09
73,US-2015-134026,2015-04-26,2015-05-02,Standard Class,JE-15745,Joel Eaton,Consumer,United States,Memphis,Tennessee,38109,South,FUR-CH-10000513,Furniture,Chairs,High-Back Leather Manager's Chair,831.936,8,0.2,-114.3912,2015-04
74,US-2015-134026,2015-04-26,2015-05-02,Standard Class,JE-15745,Joel Eaton,Consumer,United States,Memphis,Tennessee,38109,South,FUR-FU-10003708,Furniture,Furnishings,"Tenex Traditional Chairmats for Medium Pile Carpet, Standard Lip, 36"" x 48""",97.04,2,0.2,1.213,2015-04
75,US-2015-134026,2015-04-26,2015-05-02,Standard Class,JE-15745,Joel Eaton,Consumer,United States,Memphis,Tennessee,38109,South,OFF-ST-10004123,Office Supplies,Storage,Safco Industrial Wire Shelving System,72.784,1,0.2,-18.196,2015-04
76,US-2017-118038,2017-12-09,2017-12-11,First Class,KB-16600,Ken Brennan,Corporate,United States,Houston,Texas,77041,Central,OFF-BI-10004182,Office Supplies,Binders,Economy Binders,1.248,3,0.8,-1.9344,2017-12
77,US-2017-118038,2017-12-09,2017-12-11,First Class,KB-16600,Ken Brennan,Corporate,United States,Houston,Texas,77041,Central,FUR-FU-10000260,Furniture,Furnishings,"6"" Cubicle Wall Clock, Black",9.708,3,0.6,-5.8248,2017-12
78,US-2017-118038,2017-12-09,2017-12-11,First Class,KB-16600,Ken Brennan,Corporate,United States,Houston,Texas,77041,Central,OFF-ST-10000615,Office Supplies,Storage,"SimpliFile Personal File, Black Granite, 15w x 6-15/16d x 11-1/4h",27.24,3,0.2,2.724,2017-12
79,US-2014-147606,2014-11-26,2014-12-01,Second Class,JE-15745,Joel Eaton,Consumer,United States,Houston,Texas,77070,Central,FUR-FU-10003194,Furniture,Furnishings,"Eldon Expressions Desk Accessory, Wood Pencil Holder, Oak",19.3,5,0.6,-14.475,2014-11
80,CA-2016-127208,2016-06-12,2016-06-15,First Class,SC-20770,Stewart Carmichael,Corporate,United States,Decatur,Alabama,35601,South,OFF-AP-10002118,Office Supplies,Appliances,"1.7 Cubic Foot Compact ""Cube"" Office Refrigerators",208.16,1,0.0,56.2032,2016-06
81,CA-2016-127208,2016-06-12,2016-06-15,First Class,SC-20770,Stewart Carmichael,Corporate,United States,Decatur,Alabama,35601,South,OFF-BI-10002309,Office Supplies,Binders,Avery Heavy-Duty EZD  Binder With Locking Rings,16.74,3,0.0,8.0352,2016-06
82,CA-2014-139451,2014-10-12,2014-10-16,Standard Class,DN-13690,Duane Noonan,Consumer,United States,San Francisco,California,94122,West,OFF-AR-10002053,Office Supplies,Art,"Premium Writing Pencils, Soft, #2 by Central Association for the Blind",14.9,5,0.0,4.172,2014-10
83,CA-2014-139451,2014-10-12,2014-10-16,Standard Class,DN-13690,Duane Noonan,Consumer,United States,San Francisco,California,94122,West,OFF-ST-10002370,Office Supplies,Storage,"Sortfiler Multipurpose Personal File Organizer, Black",21.39,1,0.0,6.2031,2014-10
84,CA-2015-149734,2015-09-03,2015-09-08,Standard Class,JC-16105,Julie Creighton,Corporate,United States,Durham,North Carolina,27707,South,OFF-EN-10000927,Office Supplies,Envelopes,Jet-Pak Recycled Peel 'N' Seal Padded Mailers,200.984,7,0.2,62.8075,2015-09
85,US-2017-119662,2017-11-13,2017-11-16,First Class,CS-12400,Christopher Schild,Home Office,United States,Chicago,Illinois,60623,Central,OFF-ST-10003656,Office Supplies,Storage,Safco Industrial Wire Shelving,230.376,3,0.2,-48.9549,2017-11
86,CA-2017-140088,2017-05-28,2017-05-30,Second Class,PO-18865,Patrick O'Donnell,Consumer,United States,Columbia,South Carolina,29203,South,FUR-CH-10000863,Furniture,Chairs,Novimex Swivel Fabric Task Chair,301.96,2,0.0,33.2156,2017-05
87,CA-2017-155558,2017-10-26,2017-11-02,Standard Class,PG-18895,Paul Gonzalez,Consumer,United States,Rochester,Minnesota,55901,Central,TEC-AC-10001998,Technology,Accessories,Logitech LS21 Speaker System - PC Multimedia - 2.1-CH - Wired,19.99,1,0.0,6.7966,2017-10
88,CA-2017-155558,2017-10-26,2017-11-02,Standard Class,PG-18895,Paul Gonzalez,Consumer,United States,Rochester,Minnesota,55901,Central,OFF-LA-10000134,Office Supplies,Labels,Avery 511,6.16,2,0.0,2.9568,2017-10
89,CA-2016-159695,2016-04-05,2016-04-10,Second Class,GM-14455,Gary Mitchum,Home Office,United States,Houston,Texas,77095,Central,OFF-ST-10003442,Office Supplies,Storage,Eldon Portable Mobile Manager,158.368,7,0.2,13.8572,2016-04
90,CA-2016-109806,2016-09-17,2016-09-22,Standard Class,JS-15685,Jim Sink,Corporate,United States,Los Angeles,California,90036,West,OFF-AR-10004930,Office Supplies,Art,Turquoise Lead Holder with Pocket Clip,20.1,3,0.0,6.633,2016-09
91,CA-2016-109806,2016-09-17,2016-09-22,Standard Class,JS-15685,Jim Sink,Corporate,United States,Los Angeles,California,90036,West,TEC-PH-10004093,Technology,Phones,Panasonic Kx-TS550,73.584,2,0.2,8.2782,2016-09
92,CA-2016-109806,2016-09-17,2016-09-22,Standard Class,JS-15685,Jim Sink,Corporate,United States,Los Angeles,California,90036,West,OFF-PA-10000304,Office Supplies,Paper,Xerox 1995,6.48,1,0.0,3.1104,2016-09
93,CA-2015-149587,2015-01-31,2015-02-05,Second Class,KB-16315,Karl Braun,Consumer,United States,Minneapolis,Minnesota,55407,Central,OFF-PA-10003177,Office Supplies,Paper,Xerox 1999,12.96,2,0.0,6.2208,2015-01
94,CA-2015-149587,2015-01-31,2015-02-05,Second Class,KB-16315,Karl Braun,Consumer,United States,Minneapolis,Minnesota,55407,Central,FUR-FU-10003799,Furniture,Furnishings,"Seth Thomas 13 1/2"" Wall Clock",53.34,3,0.0,16.5354,2015-01
95,CA-2015-149587,2015-01-31,2015-02-05,Second Class,KB-16315,Karl Braun,Consumer,United States,Minneapolis,Minnesota,55407,Central,OFF-BI-10002852,Office Supplies,Binders,Ibico Standard Transparent Covers,32.96,2,0.0,16.1504,2015-01
96,US-2017-109484,2017-11-06,2017-11-12,Standard Class,RB-19705,Roger Barcio,Home Office,United States,Portland,Oregon,97206,West,OFF-BI-10004738,Office Supplies,Binders,Flexible Leather- Look Classic Collection Ring Binder,5.682,1,0.7,-3.788,2017-11
97,CA-2017-161018,2017-11-09,2017-11-11,Second Class,PN-18775,Parhena Norris,Home Office,United States,New York City,New York,10009,East,FUR-FU-10000629,Furniture,Furnishings,9-3/4 Diameter Round Wall Clock,96.53,7,0.0,40.5426,2017-11
98,CA-2017-157833,2017-06-17,2017-06-20,First Class,KD-16345,Katherine Ducich,Consumer,United States,San Francisco,California,94122,West,OFF-BI-10001721,Office Supplies,Binders,Trimflex Flexible Post Binders,51.312,3,0.2,17.9592,2017-06
99,CA-2016-149223,2016-09-06,2016-09-11,Standard Class,ER-13855,Elpida Rittenbach,Corporate,United States,Saint Paul,Minnesota,55106,Central,OFF-AP-10000358,Office Supplies,Appliances,Fellowes Basic Home/Office Series Surge Protectors,77.88,6,0.0,22.5852,2016-09
100,CA-2016-158568,2016-08-29,2016-09-02,Standard Class,RB-19465,Rick Bensley,Home Office,United States,Chicago,Illinois,60610,Central,OFF-PA-10003256,Office Supplies,Paper,Avery Personal Creations Heavyweight Cards,64.624,7,0.2,22.6184,2016-08
101,CA-2016-158568,2016-08-29,2016-09-02,Standard Class,RB-19465,Rick Bensley,Home Office,United States,Chicago,Illinois,60610,Central,TEC-AC-10001767,Technology,Accessories,SanDisk Ultra 64 GB MicroSDHC Class 10 Memory Card,95.976,3,0.2,-10.7973,2016-08
102,CA-2016-158568,2016-08-29,2016-09-02,Standard Class,RB-19465,Rick Bensley,Home Office,United States,Chicago,Illinois,60610,Central,OFF-BI-10002609,Office Supplies,Binders,Avery Hidden Tab Dividers for Binding Systems,1.788,3,0.8,-3.0396,2016-08
103,CA-2016-129903,2016-12-01,2016-12-04,Second Class,GZ-14470,Gary Zandusky,Consumer,United States,Rochester,Minnesota,55901,Central,OFF-PA-10004040,Office Supplies,Paper,Universal Premium White Copier/Laser Paper (20Lb. and 87 Bright),23.92,4,0.0,11.7208,2016-12
104,US-2015-156867,2015-11-13,2015-11-17,Standard Class,LC-16870,Lena Cacioppo,Consumer,United States,Aurora,Colorado,80013,West,TEC-AC-10001552,Technology,Accessories,Logitech K350 2.4Ghz Wireless Keyboard,238.896,6,0.2,-26.8758,2015-11
105,US-2015-156867,2015-11-13,2015-11-17,Standard Class,LC-16870,Lena Cacioppo,Consumer,United States,Aurora,Colorado,80013,West,FUR-FU-10004006,Furniture,Furnishings,"Deflect-o DuraMat Lighweight, Studded, Beveled Mat for Low Pile Carpeting",102.36,3,0.2,-3.8385,2015-11
106,US-2015-156867,2015-11-13,2015-11-17,Standard Class,LC-16870,Lena Cacioppo,Consumer,United States,Aurora,Colorado,80013,West,OFF-BI-10002794,Office Supplies,Binders,"Avery Trapezoid Ring Binder, 3"" Capacity, Black, 1040 sheets",36.882,3,0.7,-25.8174,2015-11
107,CA-2017-119004,2017-11-23,2017-11-28,Standard Class,JM-15250,Janet Martin,Consumer,United States,Charlotte,North Carolina,28205,South,TEC-AC-10003499,Technology,Accessories,Memorex Mini Travel Drive 8 GB USB 2.0 Flash Drive,74.112,8,0.2,17.6016,2017-11
108,CA-2017-119004,2017-11-23,2017-11-28,Standard Class,JM-15250,Janet Martin,Consumer,United States,Charlotte,North Carolina,28205,South,TEC-PH-10002844,Technology,Phones,Speck Products Candyshell Flip Case,27.992,1,0.2,2.0994,2017-11
109,CA-2017-119004,2017-11-23,2017-11-28,Standard Class,JM-15250,Janet Martin,Consumer,United States,Charlotte,North Carolina,28205,South,OFF-AR-10000390,Office Supplies,Art,Newell Chalk Holder,3.304,1,0.2,1.0738,2017-11
110,CA-2015-129476,2015-10-15,2015-10-20,Standard Class,PA-19060,Pete Armstrong,Home Office,United States,Orland Park,Illinois,60462,Central,TEC-AC-10000844,Technology,Accessories,Logitech Gaming G510s - Keyboard,339.96,5,0.2,67.992,2015-10
111,CA-2017-146780,2017-12-25,2017-12-30,Standard Class,CV-12805,Cynthia Voltz,Corporate,United States,New York City,New York,10035,East,FUR-FU-10001934,Furniture,Furnishings,Magnifier Swing Arm Lamp,41.96,2,0.0,10.9096,2017-12
112,CA-2016-128867,2016-11-03,2016-11-10,Standard Class,CL-12565,Clay Ludtke,Consumer,United States,Urbandale,Iowa,50322,Central,OFF-AR-10000380,Office Supplies,Art,"Hunt PowerHouse Electric Pencil Sharpener, Blue",75.96,2,0.0,22.788,2016-11
113,CA-2016-128867,2016-11-03,2016-11-10,Standard Class,CL-12565,Clay Ludtke,Consumer,United States,Urbandale,Iowa,50322,Central,OFF-BI-10003981,Office Supplies,Binders,"Avery Durable Plastic 1"" Binders",27.24,6,0.0,13.3476,2016-11
114,CA-2014-115259,2014-08-25,2014-08-27,Second Class,RC-19960,Ryan Crowe,Consumer,United States,Columbus,Ohio,43229,East,OFF-FA-10000621,Office Supplies,Fasteners,"OIC Colored Binder Clips, Assorted Sizes",40.096,14,0.2,14.5348,2014-08
115,CA-2014-115259,2014-08-25,2014-08-27,Second Class,RC-19960,Ryan Crowe,Consumer,United States,Columbus,Ohio,43229,East,OFF-EN-10002600,Office Supplies,Envelopes,"Redi-Strip #10 Envelopes, 4 1/8 x 9 1/2",4.72,2,0.2,1.652,2014-08
116,CA-2014-115259,2014-08-25,2014-08-27,Second Class,RC-19960,Ryan Crowe,Consumer,United States,Columbus,Ohio,43229,East,OFF-PA-10004965,Office Supplies,Paper,Xerox 1921,23.976,3,0.2,7.4925,2014-08
117,CA-2014-115259,2014-08-25,2014-08-27,Second Class,RC-19960,Ryan Crowe,Consumer,United States,Columbus,Ohio,43229,East,OFF-EN-10002504,Office Supplies,Envelopes,"Tyvek  Top-Opening Peel & Seel Envelopes, Plain White",130.464,6,0.2,44.0316,2014-08
118,CA-2015-110457,2015-03-02,2015-03-06,Standard Class,DK-13090,Dave Kipp,Consumer,United States,Seattle,Washington,98103,West,FUR-TA-10001768,Furniture,Tables,Hon Racetrack Conference Tables,787.53,3,0.0,165.3813,2015-03
119,US-2015-136476,2015-04-05,2015-04-10,Standard Class,GG-14650,Greg Guthrie,Corporate,United States,Bristol,Tennessee,37620,South,OFF-BI-10003650,Office Supplies,Binders,GBC DocuBind 300 Electric Binding Machine,157.794,1,0.7,-115.7156,2015-04
120,CA-2016-103730,2016-06-12,2016-06-15,First Class,SC-20725,Steven Cartwright,Consumer,United States,Wilmington,Delaware,19805,East,FUR-FU-10002157,Furniture,Furnishings,Artistic Insta-Plaque,47.04,3,0.0,18.3456,2016-06
121,CA-2016-103730,2016-06-12,2016-06-15,First Class,SC-20725,Steven Cartwright,Consumer,United States,Wilmington,Delaware,19805,East,OFF-BI-10003910,Office Supplies,Binders,DXL Angle-View Binders with Locking Rings by Samsill,30.84,4,0.0,13.878,2016-06
122,CA-2016-103730,2016-06-12,2016-06-15,First Class,SC-20725,Steven Cartwright,Consumer,United States,Wilmington,Delaware,19805,East,OFF-ST-10000777,Office Supplies,Storage,"Companion Letter/Legal File, Black",226.56,6,0.0,63.4368,2016-06
123,CA-2016-103730,2016-06-12,2016-06-15,First Class,SC-20725,Steven Cartwright,Consumer,United States,Wilmington,Delaware,19805,East,OFF-EN-10002500,Office Supplies,Envelopes,Globe Weis Peel & Seel First Class Envelopes,115.02,9,0.0,51.759,2016-06
124,CA-2016-103730,2016-06-12,2016-06-15,First Class,SC-20725,Steven Cartwright,Consumer,United States,Wilmington,Delaware,19805,East,TEC-PH-10003875,Technology,Phones,KLD Oscar II Style Snap-on Ultra Thin Side Flip Synthetic Leather Cover Case for HTC One HTC M7,68.04,7,0.0,19.7316,2016-06
125,US-2014-152030,2014-12-26,2014-12-28,Second Class,AD-10180,Alan Dominguez,Home Office,United States,Houston,Texas,77041,Central,FUR-CH-10004063,Furniture,Chairs,Global Deluxe High-Back Manager's Chair,600.558,3,0.3,-8.5794,2014-12
126,US-2014-134614,2014-09-20,2014-09-25,Standard Class,PF-19165,Philip Fox,Consumer,United States,Bloomington,Illinois,61701,Central,FUR-TA-10004534,Furniture,Tables,Bevis 44 x 96 Conference Tables,617.7,6,0.5,-407.682,2014-09
127,US-2017-107272,2017-11-05,2017-11-12,Standard Class,TS-21610,Troy Staebel,Consumer,United States,Phoenix,Arizona,85023,West,OFF-BI-10003274,Office Supplies,Binders,"Avery Durable Slant Ring Binders, No Labels",2.388,2,0.7,-1.8308,2017-11
128,US-2017-107272,2017-11-05,2017-11-12,Standard Class,TS-21610,Troy Staebel,Consumer,United States,Phoenix,Arizona,85023,West,OFF-ST-10002974,Office Supplies,Storage,"Trav-L-File Heavy-Duty Shuttle II, Black",243.992,7,0.2,30.499,2017-11
129,US-2016-125969,2016-11-06,2016-11-10,Second Class,LS-16975,Lindsay Shagiari,Home Office,United States,Los Angeles,California,90004,West,FUR-CH-10001146,Furniture,Chairs,"Global Task Chair, Black",81.424,2,0.2,-9.1602,2016-11
130,US-2016-125969,2016-11-06,2016-11-10,Second Class,LS-16975,Lindsay Shagiari,Home Office,United States,Los Angeles,California,90004,West,FUR-FU-10003773,Furniture,Furnishings,Eldon Cleatmat Plus Chair Mats for High Pile Carpets,238.56,3,0.0,26.2416,2016-11
131,US-2017-164147,2017-02-02,2017-02-05,First Class,DW-13585,Dorothy Wardle,Corporate,United States,Columbus,Ohio,43229,East,TEC-PH-10002293,Technology,Phones,Anker 36W 4-Port USB Wall Charger Travel Power Adapter for iPhone 5s 5c 5,59.97,5,0.4,-11.994,2017-02
132,US-2017-164147,2017-02-02,2017-02-05,First Class,DW-13585,Dorothy Wardle,Corporate,United States,Columbus,Ohio,43229,East,OFF-PA-10002377,Office Supplies,Paper,Xerox 1916,78.304,2,0.2,29.364,2017-02
133,US-2017-164147,2017-02-02,2017-02-05,First Class,DW-13585,Dorothy Wardle,Corporate,United States,Columbus,Ohio,43229,East,OFF-FA-10002780,Office Supplies,Fasteners,Staples,21.456,9,0.2,6.9732,2017-02
134,CA-2016-145583,2016-10-13,2016-10-19,Standard Class,LC-16885,Lena Creighton,Consumer,United States,Roseville,California,95661,West,OFF-PA-10001804,Office Supplies,Paper,Xerox 195,20.04,3,0.0,9.6192,2016-10
135,CA-2016-145583,2016-10-13,2016-10-19,Standard Class,LC-16885,Lena Creighton,Consumer,United States,Roseville,California,95661,West,OFF-PA-10001736,Office Supplies,Paper,Xerox 1880,35.44,1,0.0,16.6568,2016-10
136,CA-2016-145583,2016-10-13,2016-10-19,Standard Class,LC-16885,Lena Creighton,Consumer,United States,Roseville,California,95661,West,OFF-AR-10001149,Office Supplies,Art,"Sanford Colorific Colored Pencils, 12/Box",11.52,4,0.0,3.456,2016-10
137,CA-2016-145583,2016-10-13,2016-10-19,Standard Class,LC-16885,Lena Creighton,Consumer,United States,Roseville,California,95661,West,OFF-FA-10002988,Office Supplies,Fasteners,Ideal Clamps,4.02,2,0.0,1.9698,2016-10
138,CA-2016-145583,2016-10-13,2016-10-19,Standard Class,LC-16885,Lena Creighton,Consumer,United States,Roseville,California,95661,West,OFF-BI-10004781,Office Supplies,Binders,GBC Wire Binding Strips,76.176,3,0.2,26.6616,2016-10
139,CA-2016-145583,2016-10-13,2016-10-19,Standard Class,LC-16885,Lena Creighton,Consumer,United States,Roseville,California,95661,West,OFF-SU-10001218,Office Supplies,Supplies,Fiskars Softgrip Scissors,65.88,6,0.0,18.4464,2016-10
140,CA-2016-145583,2016-10-13,2016-10-19,Standard Class,LC-16885,Lena Creighton,Consumer,United States,Roseville,California,95661,West,FUR-FU-10001706,Furniture,Furnishings,Longer-Life Soft White Bulbs,43.12,14,0.0,20.6976,2016-10
141,CA-2016-110366,2016-09-05,2016-09-07,Second Class,JD-15895,Jonathan Doherty,Corporate,United States,Philadelphia,Pennsylvania,19140,East,FUR-FU-10004848,Furniture,Furnishings,"Howard Miller 13-3/4"" Diameter Brushed Chrome Round Wall Clock",82.8,2,0.2,10.35,2016-09
142,CA-2017-106180,2017-09-18,2017-09-23,Standard Class,SH-19975,Sally Hughsby,Corporate,United States,San Francisco,California,94122,West,OFF-AR-10000940,Office Supplies,Art,Newell 343,8.82,3,0.0,2.3814,2017-09
143,CA-2017-106180,2017-09-18,2017-09-23,Standard Class,SH-19975,Sally Hughsby,Corporate,United States,San Francisco,California,94122,West,OFF-EN-10004030,Office Supplies,Envelopes,Convenience Packs of Business Envelopes,10.86,3,0.0,5.1042,2017-09
144,CA-2017-106180,2017-09-18,2017-09-23,Standard Class,SH-19975,Sally Hughsby,Corporate,United States,San Francisco,California,94122,West,OFF-PA-10004327,Office Supplies,Paper,Xerox 1911,143.7,3,0.0,68.976,2017-09
145,CA-2017-155376,2017-12-22,2017-12-27,Standard Class,SG-20080,Sandra Glassco,Consumer,United States,Independence,Missouri,64055,Central,OFF-AP-10001058,Office Supplies,Appliances,Sanyo 2.5 Cubic Foot Mid-Size Office Refrigerators,839.43,3,0.0,218.2518,2017-12
146,CA-2015-110744,2015-09-07,2015-09-12,Standard Class,HA-14920,Helen Andreada,Consumer,United States,Pasadena,California,91104,West,OFF-ST-10003656,Office Supplies,Storage,Safco Industrial Wire Shelving,671.93,7,0.0,20.1579,2015-09
147,CA-2014-110072,2014-10-22,2014-10-28,Standard Class,MG-17680,Maureen Gastineau,Home Office,United States,Newark,Ohio,43055,East,FUR-FU-10000521,Furniture,Furnishings,"Seth Thomas 14"" Putty-Colored Wall Clock",93.888,4,0.2,12.9096,2014-10
148,CA-2016-114489,2016-12-05,2016-12-09,Standard Class,JE-16165,Justin Ellison,Corporate,United States,Franklin,Wisconsin,53132,Central,TEC-PH-10000215,Technology,Phones,Plantronics Cordless Phone Headset with In-line Volume - M214C,384.45,11,0.0,103.8015,2016-12
149,CA-2016-114489,2016-12-05,2016-12-09,Standard Class,JE-16165,Justin Ellison,Corporate,United States,Franklin,Wisconsin,53132,Central,TEC-PH-10001448,Technology,Phones,Anker Astro 15000mAh USB Portable Charger,149.97,3,0.0,5.9988,2016-12
150,CA-2016-114489,2016-12-05,2016-12-09,Standard Class,JE-16165,Justin Ellison,Corporate,United States,Franklin,Wisconsin,53132,Central,FUR-CH-10000454,Furniture,Chairs,"Hon Deluxe Fabric Upholstered Stacking Chairs, Rounded Back",1951.84,8,0.0,585.552,2016-12
151,CA-2016-114489,2016-12-05,2016-12-09,Standard Class,JE-16165,Justin Ellison,Corporate,United States,Franklin,Wisconsin,53132,Central,OFF-BI-10002735,Office Supplies,Binders,GBC Prestige Therm-A-Bind Covers,171.55,5,0.0,80.6285,2016-12
152,CA-2016-158834,2016-03-13,2016-03-16,First Class,TW-21025,Tamara Willingham,Home Office,United States,Scottsdale,Arizona,85254,West,OFF-AP-10000326,Office Supplies,Appliances,Belkin 7 Outlet SurgeMaster Surge Protector with Phone Protection,157.92,5,0.2,17.766,2016-03
153,CA-2016-158834,2016-03-13,2016-03-16,First Class,TW-21025,Tamara Willingham,Home Office,United States,Scottsdale,Arizona,85254,West,TEC-PH-10001254,Technology,Phones,Jabra BIZ 2300 Duo QD Duo Corded Headset,203.184,2,0.2,15.2388,2016-03
154,CA-2015-124919,2015-05-31,2015-06-02,First Class,SP-20650,Stephanie Phelps,Corporate,United States,San Jose,California,95123,West,OFF-PA-10001950,Office Supplies,Paper,Southworth 25% Cotton Antique Laid Paper & Envelopes,58.38,7,0.0,26.271,2015-05
155,CA-2015-124919,2015-05-31,2015-06-02,First Class,SP-20650,Stephanie Phelps,Corporate,United States,San Jose,California,95123,West,OFF-PA-10002254,Office Supplies,Paper,Xerox 1883,105.52,4,0.0,48.5392,2015-05
156,CA-2015-124919,2015-05-31,2015-06-02,First Class,SP-20650,Stephanie Phelps,Corporate,United States,San Jose,California,95123,West,OFF-ST-10001590,Office Supplies,Storage,"Tenex Personal Project File with Scoop Front Design, Black",80.88,6,0.0,21.0288,2015-05
157,CA-2015-118948,2015-05-28,2015-06-03,Standard Class,NK-18490,Neil Knudson,Home Office,United States,Seattle,Washington,98105,West,OFF-AR-10001547,Office Supplies,Art,Newell 311,6.63,3,0.0,1.7901,2015-05
158,CA-2014-104269,2014-03-01,2014-03-06,Second Class,DB-13060,Dave Brooks,Consumer,United States,Seattle,Washington,98115,West,FUR-CH-10004063,Furniture,Chairs,Global Deluxe High-Back Manager's Chair,457.568,2,0.2,51.4764,2014-03
159,CA-2016-114104,2016-11-20,2016-11-24,Standard Class,NP-18670,Nora Paige,Consumer,United States,Edmond,Oklahoma,73034,Central,OFF-LA-10002475,Office Supplies,Labels,Avery 519,14.62,2,0.0,6.8714,2016-11
160,CA-2016-114104,2016-11-20,2016-11-24,Standard Class,NP-18670,Nora Paige,Consumer,United States,Edmond,Oklahoma,73034,Central,TEC-PH-10004536,Technology,Phones,Avaya 5420 Digital phone,944.93,7,0.0,236.2325,2016-11
161,CA-2016-162733,2016-05-11,2016-05-12,First Class,TT-21070,Ted Trevino,Consumer,United States,Los Angeles,California,90045,West,OFF-PA-10002751,Office Supplies,Paper,Xerox 1920,5.98,1,0.0,2.691,2016-05
162,CA-2015-119697,2015-12-28,2015-12-31,Second Class,EM-13960,Eric Murdock,Consumer,United States,Philadelphia,Pennsylvania,19134,East,TEC-AC-10003657,Technology,Accessories,Lenovo 17-Key USB Numeric Keypad,54.384,2,0.2,1.3596,2015-12
163,CA-2016-154508,2016-11-16,2016-11-20,Standard Class,RD-19900,Ruben Dartt,Consumer,United States,Carlsbad,New Mexico,88220,West,OFF-EN-10001990,Office Supplies,Envelopes,Staple envelope,28.4,5,0.0,13.348,2016-11
164,CA-2016-113817,2016-11-07,2016-11-11,Standard Class,MJ-17740,Max Jones,Consumer,United States,Seattle,Washington,98115,West,OFF-BI-10004002,Office Supplies,Binders,Wilson Jones International Size A4 Ring Binders,27.68,2,0.2,9.688,2016-11
165,CA-2014-139892,2014-09-08,2014-09-12,Standard Class,BM-11140,Becky Martin,Consumer,United States,San Antonio,Texas,78207,Central,OFF-AR-10004441,Office Supplies,Art,BIC Brite Liner Highlighters,9.936,3,0.2,2.7324,2014-09
166,CA-2014-139892,2014-09-08,2014-09-12,Standard Class,BM-11140,Becky Martin,Consumer,United States,San Antonio,Texas,78207,Central,TEC-MA-10000822,Technology,Machines,Lexmark MX611dhe Monochrome Laser Printer,8159.952,8,0.4,-1359.992,2014-09
167,CA-2014-139892,2014-09-08,2014-09-12,Standard Class,BM-11140,Becky Martin,Consumer,United States,San Antonio,Texas,78207,Central,OFF-ST-10000991,Office Supplies,Storage,Space Solutions HD Industrial Steel Shelving.,275.928,3,0.2,-58.6347,2014-09
168,CA-2014-139892,2014-09-08,2014-09-12,Standard Class,BM-11140,Becky Martin,Consumer,United States,San Antonio,Texas,78207,Central,FUR-CH-10004287,Furniture,Chairs,SAFCO Arco Folding Chair,1740.06,9,0.3,-24.858,2014-09
169,CA-2014-139892,2014-09-08,2014-09-12,Standard Class,BM-11140,Becky Martin,Consumer,United States,San Antonio,Texas,78207,Central,OFF-AR-10002656,Office Supplies,Art,Sanford Liquid Accent Highlighters,32.064,6,0.2,6.8136,2014-09
170,CA-2014-139892,2014-09-08,2014-09-12,Standard Class,BM-11140,Becky Martin,Consumer,United States,San Antonio,Texas,78207,Central,OFF-AP-10002518,Office Supplies,Appliances,Kensington 7 Outlet MasterPiece Power Center,177.98,5,0.8,-453.849,2014-09
171,CA-2014-139892,2014-09-08,2014-09-12,Standard Class,BM-11140,Becky Martin,Consumer,United States,San Antonio,Texas,78207,Central,TEC-PH-10003931,Technology,Phones,JBL Micro Wireless Portable Bluetooth Speaker,143.976,3,0.2,8.9985,2014-09
172,CA-2014-118962,2014-08-05,2014-08-09,Standard Class,CS-12130,Chad Sievert,Consumer,United States,Los Angeles,California,90004,West,OFF-PA-10000659,Office Supplies,Paper,"Adams Phone Message Book, Professional, 400 Message Capacity, 5 3/6 x 11",20.94,3,0.0,9.8418,2014-08
173,CA-2014-118962,2014-08-05,2014-08-09,Standard Class,CS-12130,Chad Sievert,Consumer,United States,Los Angeles,California,90004,West,OFF-PA-10001144,Office Supplies,Paper,Xerox 1913,110.96,2,0.0,53.2608,2014-08
174,CA-2014-118962,2014-08-05,2014-08-09,Standard Class,CS-12130,Chad Sievert,Consumer,United States,Los Angeles,California,90004,West,FUR-CH-10003817,Furniture,Chairs,"Global Value Steno Chair, Gray",340.144,7,0.2,21.259,2014-08
175,US-2014-100853,2014-09-14,2014-09-19,Standard Class,JB-15400,Jennifer Braxton,Corporate,United States,Chicago,Illinois,60623,Central,OFF-AP-10000891,Office Supplies,Appliances,Kensington 7 Outlet MasterPiece HOMEOFFICE Power Control Center,52.448,2,0.8,-131.12,2014-09
176,US-2014-100853,2014-09-14,2014-09-19,Standard Class,JB-15400,Jennifer Braxton,Corporate,United States,Chicago,Illinois,60623,Central,OFF-LA-10003148,Office Supplies,Labels,Avery 51,20.16,4,0.2,6.552,2014-09
177,US-2017-152366,2017-04-21,2017-04-25,Second Class,SJ-20500,Shirley Jackson,Consumer,United States,Houston,Texas,77036,Central,OFF-AP-10002684,Office Supplies,Appliances,"Acco 7-Outlet Masterpiece Power Center, Wihtout Fax/Phone Line Protection",97.264,4,0.8,-243.16,2017-04
178,US-2015-101511,2015-11-21,2015-11-23,Second Class,JE-15745,Joel Eaton,Consumer,United States,Newark,Ohio,43055,East,FUR-CH-10004698,Furniture,Chairs,"Padded Folding Chairs, Black, 4/Carton",396.802,7,0.3,-11.3372,2015-11
179,US-2015-101511,2015-11-21,2015-11-23,Second Class,JE-15745,Joel Eaton,Consumer,United States,Newark,Ohio,43055,East,OFF-SU-10002189,Office Supplies,Supplies,Acme Rosewood Handle Letter Opener,15.88,5,0.2,-3.7715,2015-11
180,CA-2015-137225,2015-12-15,2015-12-19,Standard Class,JK-15640,Jim Kriz,Home Office,United States,New York City,New York,10009,East,OFF-AR-10001940,Office Supplies,Art,"Sanford Colorific Eraseable Coloring Pencils, 12 Count",3.28,1,0.0,1.4104,2015-12
181,CA-2014-166191,2014-12-05,2014-12-09,Second Class,DK-13150,David Kendrick,Corporate,United States,Decatur,Illinois,62521,Central,OFF-ST-10003455,Office Supplies,Storage,"Tenex File Box, Personal Filing Tote with Lid, Black",24.816,2,0.2,1.8612,2014-12
182,CA-2014-166191,2014-12-05,2014-12-09,Second Class,DK-13150,David Kendrick,Corporate,United States,Decatur,Illinois,62521,Central,TEC-AC-10004659,Technology,Accessories,Imation Secure+ Hardware Encrypted USB 2.0 Flash Drive; 16GB,408.744,7,0.2,76.6395,2014-12
183,CA-2014-158274,2014-11-19,2014-11-24,Second Class,RM-19675,Robert Marley,Home Office,United States,Monroe,Louisiana,71203,South,TEC-PH-10003273,Technology,Phones,AT&T TR1909W,503.96,4,0.0,131.0296,2014-11
184,CA-2014-158274,2014-11-19,2014-11-24,Second Class,RM-19675,Robert Marley,Home Office,United States,Monroe,Louisiana,71203,South,TEC-PH-10004896,Technology,Phones,Nokia Lumia 521 (T-Mobile),149.95,5,0.0,41.986,2014-11
185,CA-2014-158274,2014-11-19,2014-11-24,Second Class,RM-19675,Robert Marley,Home Office,United States,Monroe,Louisiana,71203,South,TEC-AC-10002345,Technology,Accessories,HP Standard 104 key PS/2 Keyboard,29.0,2,0.0,7.25,2014-11
186,CA-2016-105018,2016-11-28,2016-12-02,Standard Class,SK-19990,Sally Knutson,Consumer,United States,Fairfield,Connecticut,6824,East,OFF-BI-10001890,Office Supplies,Binders,Avery Poly Binder Pockets,7.16,2,0.0,3.4368,2016-11
187,CA-2014-123260,2014-08-26,2014-08-30,Standard Class,FM-14290,Frank Merwin,Home Office,United States,Los Angeles,California,90032,West,TEC-AC-10002323,Technology,Accessories,SanDisk Ultra 32 GB MicroSDHC Class 10 Memory Card,176.8,8,0.0,22.984,2014-08
188,CA-2016-157000,2016-07-16,2016-07-22,Standard Class,AM-10360,Alice McCarthy,Corporate,United States,Grand Prairie,Texas,75051,Central,OFF-ST-10001328,Office Supplies,Storage,"Personal Filing Tote with Lid, Black/Gray",37.224,3,0.2,3.7224,2016-07
189,CA-2016-157000,2016-07-16,2016-07-22,Standard Class,AM-10360,Alice McCarthy,Corporate,United States,Grand Prairie,Texas,75051,Central,OFF-PA-10001950,Office Supplies,Paper,Southworth 25% Cotton Antique Laid Paper & Envelopes,20.016,3,0.2,6.255,2016-07
190,CA-2015-102281,2015-10-12,2015-10-14,First Class,MP-17470,Mark Packer,Home Office,United States,New York City,New York,10035,East,FUR-BO-10002613,Furniture,Bookcases,"Atlantic Metals Mobile 4-Shelf Bookcases, Custom Colors",899.136,4,0.2,112.392,2015-10
191,CA-2015-102281,2015-10-12,2015-10-14,First Class,MP-17470,Mark Packer,Home Office,United States,New York City,New York,10035,East,TEC-PH-10001552,Technology,Phones,I Need's 3d Hello Kitty Hybrid Silicone Case Cover for HTC One X 4g with 3d Hello Kitty Stylus Pen Green/pink,71.76,6,0.0,20.0928,2015-10
192,CA-2015-102281,2015-10-12,2015-10-14,First Class,MP-17470,Mark Packer,Home Office,United States,New York City,New York,10035,East,OFF-PA-10000061,Office Supplies,Paper,Xerox 205,51.84,8,0.0,24.8832,2015-10
193,CA-2015-102281,2015-10-12,2015-10-14,First Class,MP-17470,Mark Packer,Home Office,United States,New York City,New York,10035,East,FUR-BO-10002545,Furniture,Bookcases,"Atlantic Metals Mobile 3-Shelf Bookcases, Custom Colors",626.352,3,0.2,46.9764,2015-10
194,CA-2015-102281,2015-10-12,2015-10-14,First Class,MP-17470,Mark Packer,Home Office,United States,New York City,New York,10035,East,OFF-AR-10003514,Office Supplies,Art,4009 Highlighters by Sanford,19.9,5,0.0,6.567,2015-10
195,CA-2015-131457,2015-10-31,2015-11-06,Standard Class,MZ-17515,Mary Zewe,Corporate,United States,Redlands,California,92374,West,OFF-EN-10001509,Office Supplies,Envelopes,Poly String Tie Envelopes,14.28,7,0.0,6.7116,2015-10
196,CA-2014-140004,2014-03-21,2014-03-25,Standard Class,CB-12025,Cassandra Brandow,Consumer,United States,Hamilton,Ohio,45011,East,OFF-AR-10004685,Office Supplies,Art,"Binney & Smith Crayola Metallic Colored Pencils, 8-Color Set",7.408,2,0.2,1.2038,2014-03
197,CA-2014-140004,2014-03-21,2014-03-25,Standard Class,CB-12025,Cassandra Brandow,Consumer,United States,Hamilton,Ohio,45011,East,OFF-AR-10004027,Office Supplies,Art,"Binney & Smith inkTank Erasable Desk Highlighter, Chisel Tip, Yellow, 12/Box",6.048,3,0.2,1.5876,2014-03
198,CA-2017-107720,2017-11-06,2017-11-13,Standard Class,VM-21685,Valerie Mitchum,Home Office,United States,Westfield,New Jersey,7090,East,OFF-ST-10001414,Office Supplies,Storage,Decoflex Hanging Personal Folder File,46.26,3,0.0,12.0276,2017-11
199,US-2017-124303,2017-07-06,2017-07-13,Standard Class,FH-14365,Fred Hopkins,Corporate,United States,Philadelphia,Pennsylvania,19120,East,OFF-BI-10000343,Office Supplies,Binders,"Pressboard Covers with Storage Hooks, 9 1/2"" x 11"", Light Blue",2.946,2,0.7,-2.2586,2017-07
200,US-2017-124303,2017-07-06,2017-07-13,Standard Class,FH-14365,Fred Hopkins,Corporate,United States,Philadelphia,Pennsylvania,19120,East,OFF-PA-10002749,Office Supplies,Paper,"Wirebound Message Books, 5-1/2 x 4 Forms, 2 or 4 Forms per Page",16.056,3,0.2,5.8203,2017-07
201,CA-2017-105074,2017-06-24,2017-06-29,Standard Class,MB-17305,Maria Bertelson,Consumer,United States,Akron,Ohio,44312,East,OFF-PA-10002666,Office Supplies,Paper,Southworth 25% Cotton Linen-Finish Paper & Envelopes,21.744,3,0.2,6.795,2017-06
202,CA-2014-133690,2014-08-03,2014-08-05,First Class,BS-11755,Bruce Stewart,Consumer,United States,Denver,Colorado,80219,West,FUR-TA-10004289,Furniture,Tables,BoxOffice By Design Rectangular and Half-Moon Meeting Room Tables,218.75,2,0.5,-161.875,2014-08
203,CA-2014-133690,2014-08-03,2014-08-05,First Class,BS-11755,Bruce Stewart,Consumer,United States,Denver,Colorado,80219,West,OFF-AP-10003622,Office Supplies,Appliances,"Bravo II Megaboss 12-Amp Hard Body Upright, Replacement Belts, 2 Belts per Pack",2.6,1,0.2,0.2925,2014-08
204,US-2017-116701,2017-12-17,2017-12-21,Second Class,LC-17140,Logan Currie,Consumer,United States,Dallas,Texas,75220,Central,OFF-AP-10003217,Office Supplies,Appliances,Eureka Sanitaire  Commercial Upright,66.284,2,0.8,-178.9668,2017-12
205,CA-2017-126382,2017-06-03,2017-06-07,Standard Class,HK-14890,Heather Kirkland,Corporate,United States,Franklin,Tennessee,37064,South,FUR-FU-10002960,Furniture,Furnishings,"Eldon 200 Class Desk Accessories, Burgundy",35.168,7,0.2,9.6712,2017-06
206,CA-2017-108329,2017-12-09,2017-12-14,Standard Class,LE-16810,Laurel Elliston,Consumer,United States,Whittier,California,90604,West,TEC-PH-10001918,Technology,Phones,Nortel Business Series Terminal T7208 Digital phone,444.768,4,0.2,44.4768,2017-12
207,CA-2017-135860,2017-12-01,2017-12-07,Standard Class,JH-15985,Joseph Holt,Consumer,United States,Saginaw,Michigan,48601,Central,OFF-ST-10000642,Office Supplies,Storage,"Tennsco Lockers, Gray",83.92,4,0.0,5.8744,2017-12
208,CA-2017-135860,2017-12-01,2017-12-07,Standard Class,JH-15985,Joseph Holt,Consumer,United States,Saginaw,Michigan,48601,Central,TEC-PH-10001700,Technology,Phones,Panasonic KX-TG6844B Expandable Digital Cordless Telephone,131.98,2,0.0,35.6346,2017-12
209,CA-2017-135860,2017-12-01,2017-12-07,Standard Class,JH-15985,Joseph Holt,Consumer,United States,Saginaw,Michigan,48601,Central,OFF-BI-10003274,Office Supplies,Binders,"Avery Durable Slant Ring Binders, No Labels",15.92,4,0.0,7.4824,2017-12
210,CA-2017-135860,2017-12-01,2017-12-07,Standard Class,JH-15985,Joseph Holt,Consumer,United States,Saginaw,Michigan,48601,Central,OFF-FA-10000134,Office Supplies,Fasteners,"Advantus Push Pins, Aluminum Head",52.29,9,0.0,16.2099,2017-12
211,CA-2017-135860,2017-12-01,2017-12-07,Standard Class,JH-15985,Joseph Holt,Consumer,United States,Saginaw,Michigan,48601,Central,OFF-ST-10001522,Office Supplies,Storage,"Gould Plastics 18-Pocket Panel Bin, 34w x 5-1/4d x 20-1/2h",91.99,1,0.0,3.6796,2017-12
212,CA-2015-101007,2015-02-09,2015-02-13,Second Class,MS-17980,Michael Stewart,Corporate,United States,Dallas,Texas,75220,Central,TEC-AC-10001266,Technology,Accessories,Memorex Micro Travel Drive 8 GB,20.8,2,0.2,6.5,2015-02
213,CA-2015-146262,2015-01-02,2015-01-09,Standard Class,VW-21775,Victoria Wilson,Corporate,United States,Medina,Ohio,44256,East,OFF-LA-10004544,Office Supplies,Labels,Avery 505,23.68,2,0.2,8.88,2015-01
214,CA-2015-146262,2015-01-02,2015-01-09,Standard Class,VW-21775,Victoria Wilson,Corporate,United States,Medina,Ohio,44256,East,FUR-BO-10004695,Furniture,Bookcases,O'Sullivan 2-Door Barrister Bookcase in Odessa Pine,452.45,5,0.5,-244.323,2015-01
215,CA-2015-146262,2015-01-02,2015-01-09,Standard Class,VW-21775,Victoria Wilson,Corporate,United States,Medina,Ohio,44256,East,TEC-PH-10002844,Technology,Phones,Speck Products Candyshell Flip Case,62.982,3,0.4,-14.6958,2015-01
216,CA-2015-146262,2015-01-02,2015-01-09,Standard Class,VW-21775,Victoria Wilson,Corporate,United States,Medina,Ohio,44256,East,TEC-MA-10000864,Technology,Machines,Cisco 9971 IP Video Phone Charcoal,1188.0,9,0.7,-950.4,2015-01
217,CA-2015-146262,2015-01-02,2015-01-09,Standard Class,VW-21775,Victoria Wilson,Corporate,United States,Medina,Ohio,44256,East,TEC-AC-10000109,Technology,Accessories,Sony Micro Vault Click 16 GB USB 2.0 Flash Drive,89.584,2,0.2,4.4792,2015-01
218,CA-2016-130162,2016-10-28,2016-11-01,Standard Class,JH-15910,Jonathan Howell,Consumer,United States,Los Angeles,California,90032,West,OFF-ST-10001328,Office Supplies,Storage,"Personal Filing Tote with Lid, Black/Gray",93.06,6,0.0,26.0568,2016-10
219,CA-2016-130162,2016-10-28,2016-11-01,Standard Class,JH-15910,Jonathan Howell,Consumer,United States,Los Angeles,California,90032,West,TEC-PH-10002563,Technology,Phones,Adtran 1202752G1,302.376,3,0.2,22.6782,2016-10
220,CA-2015-169397,2015-12-24,2015-12-27,First Class,JB-15925,Joni Blumstein,Consumer,United States,Dublin,Ohio,43017,East,OFF-FA-10000585,Office Supplies,Fasteners,OIC Bulk Pack Metal Binder Clips,5.584,2,0.2,1.8148,2015-12
221,CA-2015-169397,2015-12-24,2015-12-27,First Class,JB-15925,Joni Blumstein,Consumer,United States,Dublin,Ohio,43017,East,OFF-PA-10004000,Office Supplies,Paper,"While You Were Out Pads, 50 per Pad, 4 x 5 1/4, Green Cycle",22.704,6,0.2,8.2302,2015-12
222,CA-2015-169397,2015-12-24,2015-12-27,First Class,JB-15925,Joni Blumstein,Consumer,United States,Dublin,Ohio,43017,East,OFF-BI-10002852,Office Supplies,Binders,Ibico Standard Transparent Covers,19.776,4,0.7,-13.8432,2015-12
223,CA-2015-169397,2015-12-24,2015-12-27,First Class,JB-15925,Joni Blumstein,Consumer,United States,Dublin,Ohio,43017,East,FUR-FU-10000087,Furniture,Furnishings,"Executive Impressions 14"" Two-Color Numerals Wall Clock",72.704,4,0.2,19.0848,2015-12
224,CA-2015-169397,2015-12-24,2015-12-27,First Class,JB-15925,Joni Blumstein,Consumer,United States,Dublin,Ohio,43017,East,TEC-MA-10001148,Technology,Machines,Swingline SM12-08 MicroCut Jam Free Shredder,479.988,4,0.7,-383.9904,2015-12
225,CA-2015-169397,2015-12-24,2015-12-27,First Class,JB-15925,Joni Blumstein,Consumer,United States,Dublin,Ohio,43017,East,OFF-AR-10001958,Office Supplies,Art,Stanley Bostitch Contemporary Electric Pencil Sharpeners,27.168,2,0.2,2.7168,2015-12
226,CA-2015-163055,2015-08-09,2015-08-16,Standard Class,DS-13180,David Smith,Corporate,United States,Detroit,Michigan,48227,Central,OFF-AR-10001026,Office Supplies,Art,"Sanford Uni-Blazer View Highlighters, Chisel Tip, Yellow",2.2,1,0.0,0.968,2015-08
227,CA-2015-163055,2015-08-09,2015-08-16,Standard Class,DS-13180,David Smith,Corporate,United States,Detroit,Michigan,48227,Central,FUR-TA-10003748,Furniture,Tables,Bevis 36 x 72 Conference Tables,622.45,5,0.0,136.939,2015-08
228,CA-2015-163055,2015-08-09,2015-08-16,Standard Class,DS-13180,David Smith,Corporate,United States,Detroit,Michigan,48227,Central,OFF-ST-10002485,Office Supplies,Storage,Rogers Deluxe File Chest,21.98,1,0.0,0.2198,2015-08
229,US-2015-145436,2015-02-28,2015-03-04,Standard Class,VD-21670,Valerie Dominguez,Consumer,United States,Columbia,Tennessee,38401,South,FUR-CH-10004860,Furniture,Chairs,Global Low Back Tilter Chair,161.568,2,0.2,-28.2744,2015-02
230,US-2015-145436,2015-02-28,2015-03-04,Standard Class,VD-21670,Valerie Dominguez,Consumer,United States,Columbia,Tennessee,38401,South,FUR-CH-10004477,Furniture,Chairs,"Global Push Button Manager's Chair, Indigo",389.696,8,0.2,43.8408,2015-02
231,US-2014-156216,2014-09-13,2014-09-17,Standard Class,EA-14035,Erin Ashbrook,Corporate,United States,Charlotte,North Carolina,28205,South,OFF-BI-10001679,Office Supplies,Binders,GBC Instant Index System for Binding Systems,18.648,7,0.7,-12.432,2014-09
232,US-2017-100930,2017-04-07,2017-04-12,Standard Class,CS-12400,Christopher Schild,Home Office,United States,Tampa,Florida,33614,South,FUR-TA-10001705,Furniture,Tables,Bush Advantage Collection Round Conference Table,233.86,2,0.45,-102.048,2017-04
233,US-2017-100930,2017-04-07,2017-04-12,Standard Class,CS-12400,Christopher Schild,Home Office,United States,Tampa,Florida,33614,South,FUR-TA-10003473,Furniture,Tables,Bretford Rectangular Conference Table Tops,620.6145,3,0.45,-248.2458,2017-04
234,US-2017-100930,2017-04-07,2017-04-12,Standard Class,CS-12400,Christopher Schild,Home Office,United States,Tampa,Florida,33614,South,OFF-BI-10001679,Office Supplies,Binders,GBC Instant Index System for Binding Systems,5.328,2,0.7,-3.552,2017-04
235,US-2017-100930,2017-04-07,2017-04-12,Standard Class,CS-12400,Christopher Schild,Home Office,United States,Tampa,Florida,33614,South,FUR-FU-10004017,Furniture,Furnishings,"Tenex Contemporary Contur Chairmats for Low and Medium Pile Carpet, Computer, 39"" x 49""",258.072,3,0.2,0.0,2017-04
236,US-2017-100930,2017-04-07,2017-04-12,Standard Class,CS-12400,Christopher Schild,Home Office,United States,Tampa,Florida,33614,South,TEC-AC-10003832,Technology,Accessories,Logitech P710e Mobile Speakerphone,617.976,3,0.2,-7.7247,2017-04
237,CA-2017-160514,2017-11-12,2017-11-16,Standard Class,DB-13120,David Bremer,Corporate,United States,Santa Clara,California,95051,West,OFF-PA-10002479,Office Supplies,Paper,Xerox 4200 Series MultiUse Premium Copy Paper (20Lb. and 84 Bright),10.56,2,0.0,4.752,2017-11
238,CA-2016-157749,2016-06-04,2016-06-09,Second Class,KL-16645,Ken Lonsdale,Consumer,United States,Chicago,Illinois,60610,Central,OFF-PA-10003349,Office Supplies,Paper,Xerox 1957,25.92,5,0.2,9.396,2016-06
239,CA-2016-157749,2016-06-04,2016-06-09,Second Class,KL-16645,Ken Lonsdale,Consumer,United States,Chicago,Illinois,60610,Central,FUR-FU-10000576,Furniture,Furnishings,Luxo Professional Fluorescent Magnifier Lamp with Clamp-Mount Base,419.68,5,0.6,-356.728,2016-06
240,CA-2016-157749,2016-06-04,2016-06-09,Second Class,KL-16645,Ken Lonsdale,Consumer,United States,Chicago,Illinois,60610,Central,FUR-FU-10004351,Furniture,Furnishings,Staple-based wall hangings,11.688,3,0.6,-4.6752,2016-06
241,CA-2016-157749,2016-06-04,2016-06-09,Second Class,KL-16645,Ken Lonsdale,Consumer,United States,Chicago,Illinois,60610,Central,TEC-PH-10000011,Technology,Phones,PureGear Roll-On Screen Protector,31.984,2,0.2,11.1944,2016-06
242,CA-2016-157749,2016-06-04,2016-06-09,Second Class,KL-16645,Ken Lonsdale,Consumer,United States,Chicago,Illinois,60610,Central,FUR-TA-10002607,Furniture,Tables,KI Conference Tables,177.225,5,0.5,-120.513,2016-06
243,CA-2016-157749,2016-06-04,2016-06-09,Second Class,KL-16645,Ken Lonsdale,Consumer,United States,Chicago,Illinois,60610,Central,FUR-FU-10002505,Furniture,Furnishings,Eldon 100 Class Desk Accessories,4.044,3,0.6,-2.8308,2016-06
244,CA-2016-157749,2016-06-04,2016-06-09,Second Class,KL-16645,Ken Lonsdale,Consumer,United States,Chicago,Illinois,60610,Central,OFF-AR-10004685,Office Supplies,Art,"Binney & Smith Crayola Metallic Colored Pencils, 8-Color Set",7.408,2,0.2,1.2038,2016-06
245,CA-2014-131926,2014-06-01,2014-06-06,Second Class,DW-13480,Dianna Wilson,Home Office,United States,Lakeville,Minnesota,55044,Central,FUR-CH-10004063,Furniture,Chairs,Global Deluxe High-Back Manager's Chair,2001.86,7,0.0,580.5394,2014-06
246,CA-2014-131926,2014-06-01,2014-06-06,Second Class,DW-13480,Dianna Wilson,Home Office,United States,Lakeville,Minnesota,55044,Central,OFF-ST-10002276,Office Supplies,Storage,Safco Steel Mobile File Cart,166.72,2,0.0,41.68,2014-06
247,CA-2014-131926,2014-06-01,2014-06-06,Second Class,DW-13480,Dianna Wilson,Home Office,United States,Lakeville,Minnesota,55044,Central,OFF-PA-10004082,Office Supplies,Paper,"Adams Telephone Message Book w/Frequently-Called Numbers Space, 400 Messages per Book",47.88,6,0.0,23.94,2014-06
248,CA-2014-131926,2014-06-01,2014-06-06,Second Class,DW-13480,Dianna Wilson,Home Office,United States,Lakeville,Minnesota,55044,Central,OFF-AP-10002945,Office Supplies,Appliances,Honeywell Enviracaire Portable HEPA Air Cleaner for 17' x 22' Room,1503.25,5,0.0,496.0725,2014-06
249,CA-2014-131926,2014-06-01,2014-06-06,Second Class,DW-13480,Dianna Wilson,Home Office,United States,Lakeville,Minnesota,55044,Central,OFF-PA-10000061,Office Supplies,Paper,Xerox 205,25.92,4,0.0,12.4416,2014-06
250,CA-2016-154739,2016-12-10,2016-12-15,Second Class,LH-17155,Logan Haushalter,Consumer,United States,San Francisco,California,94109,West,FUR-CH-10002965,Furniture,Chairs,"Global Leather Highback Executive Chair with Pneumatic Height Adjustment, Black",321.568,2,0.2,28.1372,2016-12
251,CA-2016-145625,2016-09-11,2016-09-17,Standard Class,KC-16540,Kelly Collister,Consumer,United States,San Diego,California,92037,West,OFF-PA-10004569,Office Supplies,Paper,"Wirebound Message Books, Two 4 1/4"" x 5"" Forms per Page",7.61,1,0.0,3.5767,2016-09
252,CA-2016-145625,2016-09-11,2016-09-17,Standard Class,KC-16540,Kelly Collister,Consumer,United States,San Diego,California,92037,West,TEC-AC-10003832,Technology,Accessories,Logitech P710e Mobile Speakerphone,3347.37,13,0.0,636.0003,2016-09
253,CA-2016-146941,2016-12-10,2016-12-13,First Class,DL-13315,Delfina Latchford,Consumer,United States,New York City,New York,10024,East,OFF-ST-10001228,Office Supplies,Storage,"Fellowes Personal Hanging Folder Files, Navy",80.58,6,0.0,22.5624,2016-12
254,CA-2016-146941,2016-12-10,2016-12-13,First Class,DL-13315,Delfina Latchford,Consumer,United States,New York City,New York,10024,East,OFF-EN-10003296,Office Supplies,Envelopes,Tyvek Side-Opening Peel & Seel Expanding Envelopes,361.92,4,0.0,162.864,2016-12
255,US-2015-159982,2015-11-28,2015-12-04,Standard Class,DR-12880,Dan Reichenbach,Corporate,United States,Chicago,Illinois,60623,Central,FUR-FU-10002505,Furniture,Furnishings,Eldon 100 Class Desk Accessories,12.132,9,0.6,-8.4924,2015-11
256,US-2015-159982,2015-11-28,2015-12-04,Standard Class,DR-12880,Dan Reichenbach,Corporate,United States,Chicago,Illinois,60623,Central,OFF-ST-10004804,Office Supplies,Storage,"Belkin 19"" Vented Equipment Shelf, Black",82.368,2,0.2,-19.5624,2015-11
257,US-2015-159982,2015-11-28,2015-12-04,Standard Class,DR-12880,Dan Reichenbach,Corporate,United States,Chicago,Illinois,60623,Central,OFF-ST-10001590,Office Supplies,Storage,"Tenex Personal Project File with Scoop Front Design, Black",53.92,5,0.2,4.044,2015-11
258,US-2015-159982,2015-11-28,2015-12-04,Standard Class,DR-12880,Dan Reichenbach,Corporate,United States,Chicago,Illinois,60623,Central,TEC-PH-10001580,Technology,Phones,Logitech Mobile Speakerphone P710e - speaker phone,647.904,6,0.2,56.6916,2015-11
259,CA-2017-163139,2017-12-01,2017-12-03,Second Class,CC-12670,Craig Carreira,Consumer,United States,New York City,New York,10009,East,TEC-AC-10000290,Technology,Accessories,Sabrent 4-Port USB 2.0 Hub,20.37,3,0.0,6.9258,2017-12
260,CA-2017-163139,2017-12-01,2017-12-03,Second Class,CC-12670,Craig Carreira,Consumer,United States,New York City,New York,10009,East,OFF-ST-10002790,Office Supplies,Storage,Safco Industrial Shelving,221.55,3,0.0,6.6465,2017-12
261,CA-2017-163139,2017-12-01,2017-12-03,Second Class,CC-12670,Craig Carreira,Consumer,United States,New York City,New York,10009,East,OFF-BI-10003460,Office Supplies,Binders,Acco 3-Hole Punch,17.52,5,0.2,6.132,2017-12
262,US-2017-155299,2017-06-08,2017-06-12,Standard Class,Dl-13600,Dorris liebe,Corporate,United States,Pasadena,Texas,77506,Central,OFF-AP-10002203,Office Supplies,Appliances,Eureka Disposable Bags for Sanitaire Vibra Groomer I Upright Vac,1.624,2,0.8,-4.466,2017-06
263,US-2014-106992,2014-09-19,2014-09-21,Second Class,SB-20290,Sean Braxton,Corporate,United States,Houston,Texas,77036,Central,TEC-MA-10000822,Technology,Machines,Lexmark MX611dhe Monochrome Laser Printer,3059.982,3,0.4,-509.997,2014-09
264,US-2014-106992,2014-09-19,2014-09-21,Second Class,SB-20290,Sean Braxton,Corporate,United States,Houston,Texas,77036,Central,TEC-MA-10003353,Technology,Machines,Xerox WorkCentre 6505DN Laser Multifunction Printer,2519.958,7,0.4,-251.9958,2014-09
265,CA-2016-125318,2016-06-06,2016-06-13,Standard Class,RC-19825,Roy Collins,Consumer,United States,Chicago,Illinois,60610,Central,TEC-PH-10001433,Technology,Phones,Cisco Small Business SPA 502G VoIP phone,328.224,4,0.2,28.7196,2016-06
266,CA-2015-155040,2015-11-10,2015-11-15,Standard Class,AH-10210,Alan Hwang,Consumer,United States,Brentwood,California,94513,West,TEC-AC-10004469,Technology,Accessories,Microsoft Sculpt Comfort Mouse,79.9,2,0.0,35.156,2015-11
267,CA-2017-136826,2017-06-16,2017-06-20,Standard Class,CB-12535,Claudia Bergmann,Corporate,United States,Chapel Hill,North Carolina,27514,South,OFF-AR-10003602,Office Supplies,Art,"Quartet Omega Colored Chalk, 12/Pack",14.016,3,0.2,4.7304,2017-06
268,CA-2016-111010,2016-01-22,2016-01-28,Standard Class,PG-18895,Paul Gonzalez,Consumer,United States,Morristown,New Jersey,7960,East,OFF-FA-10003472,Office Supplies,Fasteners,Bagged Rubber Bands,7.56,6,0.0,0.3024,2016-01
269,US-2017-145366,2017-12-09,2017-12-13,Standard Class,CA-12310,Christine Abelman,Corporate,United States,Cincinnati,Ohio,45231,East,OFF-ST-10004180,Office Supplies,Storage,Safco Commercial Shelving,37.208,1,0.2,-7.4416,2017-12
270,US-2017-145366,2017-12-09,2017-12-13,Standard Class,CA-12310,Christine Abelman,Corporate,United States,Cincinnati,Ohio,45231,East,OFF-EN-10004386,Office Supplies,Envelopes,"Recycled Interoffice Envelopes with String and Button Closure, 10 x 13",57.576,3,0.2,21.591,2017-12
271,CA-2017-163979,2017-12-28,2018-01-02,Second Class,KH-16690,Kristen Hastings,Corporate,United States,San Francisco,California,94110,West,OFF-ST-10003208,Office Supplies,Storage,Adjustable Depth Letter/Legal Cart,725.84,4,0.0,210.4936,2017-12
272,CA-2015-155334,2015-07-30,2015-07-31,First Class,HA-14920,Helen Andreada,Consumer,United States,San Francisco,California,94109,West,TEC-AC-10003628,Technology,Accessories,Logitech 910-002974 M325 Wireless Mouse for Web Scrolling,209.93,7,0.0,92.3692,2015-07
273,CA-2015-155334,2015-07-30,2015-07-31,First Class,HA-14920,Helen Andreada,Consumer,United States,San Francisco,California,94109,West,FUR-FU-10003274,Furniture,Furnishings,Regeneration Desk Collection,5.28,3,0.0,2.3232,2015-07
274,CA-2015-155334,2015-07-30,2015-07-31,First Class,HA-14920,Helen Andreada,Consumer,United States,San Francisco,California,94109,West,OFF-BI-10002557,Office Supplies,Binders,Presstex Flexible Ring Binders,10.92,3,0.2,4.095,2015-07
275,CA-2017-118136,2017-09-16,2017-09-17,First Class,BB-10990,Barry Blumstein,Corporate,United States,Inglewood,California,90301,West,OFF-PA-10002615,Office Supplies,Paper,"Ampad Gold Fibre Wirebound Steno Books, 6"" x 9"", Gregg Ruled",8.82,2,0.0,4.0572,2017-09
276,CA-2017-118136,2017-09-16,2017-09-17,First Class,BB-10990,Barry Blumstein,Corporate,United States,Inglewood,California,90301,West,OFF-AR-10001427,Office Supplies,Art,Newell 330,5.98,1,0.0,1.5548,2017-09
277,CA-2017-132976,2017-10-13,2017-10-17,Standard Class,AG-10495,Andrew Gjertsen,Corporate,United States,Philadelphia,Pennsylvania,19140,East,OFF-PA-10000673,Office Supplies,Paper,"Post-it Important Message Note Pad, Neon Colors, 50 Sheets/Pad",11.648,2,0.2,4.0768,2017-10
278,CA-2017-132976,2017-10-13,2017-10-17,Standard Class,AG-10495,Andrew Gjertsen,Corporate,United States,Philadelphia,Pennsylvania,19140,East,OFF-PA-10004470,Office Supplies,Paper,"Adams Write n' Stick Phone Message Book, 11"" X 5 1/4"", 200 Messages",18.176,4,0.2,5.9072,2017-10
279,CA-2017-132976,2017-10-13,2017-10-17,Standard Class,AG-10495,Andrew Gjertsen,Corporate,United States,Philadelphia,Pennsylvania,19140,East,OFF-ST-10000876,Office Supplies,Storage,Eldon Simplefile Box Office,59.712,6,0.2,5.9712,2017-10
280,CA-2017-132976,2017-10-13,2017-10-17,Standard Class,AG-10495,Andrew Gjertsen,Corporate,United States,Philadelphia,Pennsylvania,19140,East,OFF-LA-10002043,Office Supplies,Labels,Avery 489,24.84,3,0.2,8.694,2017-10
281,US-2015-161991,2015-09-26,2015-09-28,Second Class,SC-20725,Steven Cartwright,Consumer,United States,Houston,Texas,77070,Central,OFF-BI-10004967,Office Supplies,Binders,Round Ring Binders,2.08,5,0.8,-3.432,2015-09
282,US-2015-161991,2015-09-26,2015-09-28,Second Class,SC-20725,Steven Cartwright,Consumer,United States,Houston,Texas,77070,Central,TEC-PH-10001760,Technology,Phones,Bose SoundLink Bluetooth Speaker,1114.4,7,0.2,376.11,2015-09
283,CA-2015-130890,2015-11-02,2015-11-06,Standard Class,JO-15280,Jas O'Carroll,Consumer,United States,Los Angeles,California,90004,West,FUR-TA-10002903,Furniture,Tables,"Bevis Round Bullnose 29"" High Table Top",1038.84,5,0.2,51.942,2015-11
284,CA-2015-130883,2015-09-26,2015-10-02,Standard Class,TB-21520,Tracy Blumstein,Consumer,United States,Portland,Oregon,97206,West,OFF-PA-10000474,Office Supplies,Paper,Easy-staple paper,141.76,5,0.2,47.844,2015-09
285,CA-2015-130883,2015-09-26,2015-10-02,Standard Class,TB-21520,Tracy Blumstein,Consumer,United States,Portland,Oregon,97206,West,TEC-AC-10001956,Technology,Accessories,Microsoft Arc Touch Mouse,239.8,5,0.2,47.96,2015-09
286,CA-2015-130883,2015-09-26,2015-10-02,Standard Class,TB-21520,Tracy Blumstein,Consumer,United States,Portland,Oregon,97206,West,OFF-PA-10004100,Office Supplies,Paper,Xerox 216,31.104,6,0.2,10.8864,2015-09
287,CA-2016-112697,2016-12-18,2016-12-20,Second Class,AH-10195,Alan Haines,Corporate,United States,Tamarac,Florida,33319,South,OFF-BI-10000778,Office Supplies,Binders,GBC VeloBinder Electric Binding Machine,254.058,7,0.7,-169.372,2016-12
288,CA-2016-112697,2016-12-18,2016-12-20,Second Class,AH-10195,Alan Haines,Corporate,United States,Tamarac,Florida,33319,South,OFF-AP-10002684,Office Supplies,Appliances,"Acco 7-Outlet Masterpiece Power Center, Wihtout Fax/Phone Line Protection",194.528,2,0.2,24.316,2016-12
289,CA-2016-112697,2016-12-18,2016-12-20,Second Class,AH-10195,Alan Haines,Corporate,United States,Tamarac,Florida,33319,South,OFF-SU-10000646,Office Supplies,Supplies,Premier Automatic Letter Opener,961.48,5,0.2,-204.3145,2016-12
290,CA-2016-110772,2016-11-20,2016-11-24,Second Class,NZ-18565,Nick Zandusky,Home Office,United States,Columbus,Ohio,43229,East,OFF-FA-10002983,Office Supplies,Fasteners,Advantus SlideClip Paper Clips,19.096,7,0.2,6.6836,2016-11
291,CA-2016-110772,2016-11-20,2016-11-24,Second Class,NZ-18565,Nick Zandusky,Home Office,United States,Columbus,Ohio,43229,East,OFF-LA-10004689,Office Supplies,Labels,Avery 512,18.496,8,0.2,6.2424,2016-11
292,CA-2016-110772,2016-11-20,2016-11-24,Second Class,NZ-18565,Nick Zandusky,Home Office,United States,Columbus,Ohio,43229,East,TEC-AC-10002001,Technology,Accessories,Logitech Wireless Gaming Headset G930,255.984,2,0.2,54.3966,2016-11
293,CA-2016-110772,2016-11-20,2016-11-24,Second Class,NZ-18565,Nick Zandusky,Home Office,United States,Columbus,Ohio,43229,East,FUR-BO-10004709,Furniture,Bookcases,"Bush Westfield Collection Bookcases, Medium Cherry Finish",86.97,3,0.5,-48.7032,2016-11
294,CA-2014-111451,2014-12-26,2014-12-28,First Class,KL-16555,Kelly Lampkin,Corporate,United States,Colorado Springs,Colorado,80906,West,FUR-FU-10004091,Furniture,Furnishings,"Howard Miller 13"" Diameter Goldtone Round Wall Clock",300.416,8,0.2,78.8592,2014-12
295,CA-2014-111451,2014-12-26,2014-12-28,First Class,KL-16555,Kelly Lampkin,Corporate,United States,Colorado Springs,Colorado,80906,West,FUR-CH-10001891,Furniture,Chairs,Global Deluxe Office Fabric Chairs,230.352,3,0.2,20.1558,2014-12
296,CA-2014-111451,2014-12-26,2014-12-28,First Class,KL-16555,Kelly Lampkin,Corporate,United States,Colorado Springs,Colorado,80906,West,FUR-FU-10002918,Furniture,Furnishings,Eldon ClusterMat Chair Mat with Cordless Antistatic Protection,218.352,3,0.2,-24.5646,2014-12
297,CA-2014-111451,2014-12-26,2014-12-28,First Class,KL-16555,Kelly Lampkin,Corporate,United States,Colorado Springs,Colorado,80906,West,OFF-BI-10004593,Office Supplies,Binders,Ibico Laser Imprintable Binding System Covers,78.6,5,0.7,-62.88,2014-12
298,CA-2014-111451,2014-12-26,2014-12-28,First Class,KL-16555,Kelly Lampkin,Corporate,United States,Colorado Springs,Colorado,80906,West,OFF-FA-10004854,Office Supplies,Fasteners,"Vinyl Coated Wire Paper Clips in Organizer Box, 800/Box",27.552,3,0.2,9.2988,2014-12
299,CA-2016-142545,2016-10-28,2016-11-03,Standard Class,JD-15895,Jonathan Doherty,Corporate,United States,Belleville,New Jersey,7109,East,OFF-PA-10002105,Office Supplies,Paper,Xerox 223,32.4,5,0.0,15.552,2016-10
300,CA-2016-142545,2016-10-28,2016-11-03,Standard Class,JD-15895,Jonathan Doherty,Corporate,United States,Belleville,New Jersey,7109,East,OFF-ST-10002756,Office Supplies,Storage,"Tennsco Stur-D-Stor Boltless Shelving, 5 Shelves, 24"" Deep, Sand",1082.48,8,0.0,10.8248,2016-10
301,CA-2016-142545,2016-10-28,2016-11-03,Standard Class,JD-15895,Jonathan Doherty,Corporate,United States,Belleville,New Jersey,7109,East,OFF-PA-10004243,Office Supplies,Paper,Xerox 1939,56.91,3,0.0,27.3168,2016-10
302,CA-2016-142545,2016-10-28,2016-11-03,Standard Class,JD-15895,Jonathan Doherty,Corporate,United States,Belleville,New Jersey,7109,East,FUR-FU-10001861,Furniture,Furnishings,"Floodlight Indoor Halogen Bulbs, 1 Bulb per Pack, 60 Watts",77.6,4,0.0,38.024,2016-10
303,CA-2016-142545,2016-10-28,2016-11-03,Standard Class,JD-15895,Jonathan Doherty,Corporate,United States,Belleville,New Jersey,7109,East,OFF-BI-10002706,Office Supplies,Binders,Avery Premier Heavy-Duty Binder with Round Locking Rings,14.28,1,0.0,6.5688,2016-10
304,US-2017-152380,2017-11-19,2017-11-23,Standard Class,JH-15910,Jonathan Howell,Consumer,United States,Chicago,Illinois,60623,Central,FUR-TA-10002533,Furniture,Tables,BPI Conference Tables,219.075,3,0.5,-131.445,2017-11
305,CA-2015-144253,2015-05-04,2015-05-09,Second Class,AS-10225,Alan Schoenberger,Corporate,United States,New York City,New York,10024,East,FUR-FU-10002671,Furniture,Furnishings,Electrix 20W Halogen Replacement Bulb for Zoom-In Desk Lamp,26.8,2,0.0,12.864,2015-05
306,CA-2014-130960,2014-12-30,2015-01-04,Standard Class,KB-16600,Ken Brennan,Corporate,United States,Taylor,Michigan,48180,Central,OFF-AR-10003651,Office Supplies,Art,Newell 350,9.84,3,0.0,2.8536,2014-12
307,CA-2014-111003,2014-06-01,2014-06-06,Standard Class,CR-12625,Corey Roper,Home Office,United States,Lakewood,New Jersey,8701,East,OFF-BI-10001072,Office Supplies,Binders,"GBC Clear Cover, 8-1/2 x 11, unpunched, 25 covers per pack",45.48,3,0.0,20.9208,2014-06
308,CA-2014-111003,2014-06-01,2014-06-06,Standard Class,CR-12625,Corey Roper,Home Office,United States,Lakewood,New Jersey,8701,East,OFF-AR-10002135,Office Supplies,Art,Boston Heavy-Duty Trimline Electric Pencil Sharpeners,289.2,6,0.0,83.868,2014-06
309,CA-2017-126774,2017-04-15,2017-04-17,First Class,SH-20395,Shahid Hopkins,Consumer,United States,Arlington,Virginia,22204,South,OFF-AR-10002804,Office Supplies,Art,Faber Castell Col-Erase Pencils,4.89,1,0.0,2.0049,2017-04
310,CA-2016-142902,2016-09-12,2016-09-14,Second Class,BP-11185,Ben Peterman,Corporate,United States,Arvada,Colorado,80004,West,FUR-FU-10001918,Furniture,Furnishings,C-Line Cubicle Keepers Polyproplyene Holder With Velcro Backings,15.136,4,0.2,3.5948,2016-09
311,CA-2016-142902,2016-09-12,2016-09-14,Second Class,BP-11185,Ben Peterman,Corporate,United States,Arvada,Colorado,80004,West,FUR-CH-10004086,Furniture,Chairs,Hon 4070 Series Pagoda Armless Upholstered Stacking Chairs,466.768,2,0.2,52.5114,2016-09
312,CA-2016-142902,2016-09-12,2016-09-14,Second Class,BP-11185,Ben Peterman,Corporate,United States,Arvada,Colorado,80004,West,FUR-FU-10001756,Furniture,Furnishings,"Eldon Expressions Desk Accessory, Wood Photo Frame, Mahogany",15.232,1,0.2,1.7136,2016-09
313,CA-2016-142902,2016-09-12,2016-09-14,Second Class,BP-11185,Ben Peterman,Corporate,United States,Arvada,Colorado,80004,West,OFF-LA-10000634,Office Supplies,Labels,Avery 509,6.264,3,0.2,2.0358,2016-09
314,CA-2014-120887,2014-09-27,2014-10-03,Standard Class,TS-21205,Thomas Seio,Corporate,United States,Hackensack,New Jersey,7601,East,FUR-FU-10001588,Furniture,Furnishings,"Deflect-o SuperTray Unbreakable Stackable Tray, Letter, Black",87.54,3,0.0,37.6422,2014-09
315,CA-2014-167850,2014-08-09,2014-08-16,Standard Class,AG-10525,Andy Gerbode,Corporate,United States,Saint Petersburg,Florida,33710,South,TEC-PH-10002398,Technology,Phones,AT&T 1070 Corded Phone,178.384,2,0.2,22.298,2014-08
316,CA-2014-167850,2014-08-09,2014-08-16,Standard Class,AG-10525,Andy Gerbode,Corporate,United States,Saint Petersburg,Florida,33710,South,OFF-PA-10001937,Office Supplies,Paper,Xerox 21,15.552,3,0.2,5.4432,2014-08
317,CA-2014-164259,2014-12-28,2014-12-30,First Class,SP-20860,Sung Pak,Corporate,United States,Philadelphia,Pennsylvania,19143,East,OFF-AR-10003373,Office Supplies,Art,"Boston School Pro Electric Pencil Sharpener, 1670",99.136,4,0.2,8.6744,2014-12
318,CA-2014-164973,2014-11-04,2014-11-09,Standard Class,NM-18445,Nathan Mautz,Home Office,United States,New York City,New York,10024,East,FUR-CH-10002602,Furniture,Chairs,DMI Arturo Collection Mission-style Design Wood Chair,135.882,1,0.1,24.1568,2014-11
319,CA-2014-164973,2014-11-04,2014-11-09,Standard Class,NM-18445,Nathan Mautz,Home Office,United States,New York City,New York,10024,East,TEC-MA-10002927,Technology,Machines,Canon imageCLASS MF7460 Monochrome Digital Laser Multifunction Copier,3991.98,2,0.0,1995.99,2014-11
320,CA-2014-164973,2014-11-04,2014-11-09,Standard Class,NM-18445,Nathan Mautz,Home Office,United States,New York City,New York,10024,East,TEC-PH-10004093,Technology,Phones,Panasonic Kx-TS550,275.94,6,0.0,80.0226,2014-11
321,CA-2014-164973,2014-11-04,2014-11-09,Standard Class,NM-18445,Nathan Mautz,Home Office,United States,New York City,New York,10024,East,TEC-AC-10000892,Technology,Accessories,NETGEAR N750 Dual Band Wi-Fi Gigabit Router,360.0,4,0.0,129.6,2014-11
322,CA-2014-164973,2014-11-04,2014-11-09,Standard Class,NM-18445,Nathan Mautz,Home Office,United States,New York City,New York,10024,East,OFF-ST-10002974,Office Supplies,Storage,"Trav-L-File Heavy-Duty Shuttle II, Black",43.57,1,0.0,13.071,2014-11
323,CA-2014-156601,2014-09-19,2014-09-24,Standard Class,FA-14230,Frank Atkinson,Corporate,United States,Long Beach,California,90805,West,OFF-FA-10000624,Office Supplies,Fasteners,OIC Binder Clips,7.16,2,0.0,3.58,2014-09
324,CA-2016-162138,2016-04-23,2016-04-27,Standard Class,GK-14620,Grace Kelly,Corporate,United States,Hesperia,California,92345,West,OFF-BI-10004593,Office Supplies,Binders,Ibico Laser Imprintable Binding System Covers,251.52,6,0.2,81.744,2016-04
325,CA-2016-162138,2016-04-23,2016-04-27,Standard Class,GK-14620,Grace Kelly,Corporate,United States,Hesperia,California,92345,West,TEC-AC-10001908,Technology,Accessories,Logitech Wireless Headset h800,99.99,1,0.0,34.9965,2016-04
326,CA-2017-153339,2017-11-03,2017-11-05,Second Class,DJ-13510,Don Jones,Corporate,United States,Murfreesboro,Tennessee,37130,South,FUR-FU-10001967,Furniture,Furnishings,Telescoping Adjustable Floor Lamp,15.992,1,0.2,0.9995,2017-11
327,US-2016-141544,2016-08-30,2016-09-01,First Class,PO-18850,Patrick O'Brill,Consumer,United States,Philadelphia,Pennsylvania,19143,East,TEC-PH-10003645,Technology,Phones,Aastra 57i VoIP phone,290.898,3,0.4,-67.8762,2016-08
328,US-2016-141544,2016-08-30,2016-09-01,First Class,PO-18850,Patrick O'Brill,Consumer,United States,Philadelphia,Pennsylvania,19143,East,OFF-ST-10000675,Office Supplies,Storage,"File Shuttle II and Handi-File, Black",54.224,2,0.2,3.389,2016-08
329,US-2016-141544,2016-08-30,2016-09-01,First Class,PO-18850,Patrick O'Brill,Consumer,United States,Philadelphia,Pennsylvania,19143,East,FUR-CH-10003312,Furniture,Chairs,Hon 2090 Pillow Soft Series Mid Back Swivel/Tilt Chairs,786.744,4,0.3,-258.5016,2016-08
330,US-2016-141544,2016-08-30,2016-09-01,First Class,PO-18850,Patrick O'Brill,Consumer,United States,Philadelphia,Pennsylvania,19143,East,OFF-LA-10001074,Office Supplies,Labels,Round Specialty Laser Printer Labels,100.24,10,0.2,33.831,2016-08
331,US-2016-141544,2016-08-30,2016-09-01,First Class,PO-18850,Patrick O'Brill,Consumer,United States,Philadelphia,Pennsylvania,19143,East,OFF-BI-10001524,Office Supplies,Binders,GBC Premium Transparent Covers with Diagonal Lined Pattern,37.764,6,0.7,-27.6936,2016-08
332,US-2016-150147,2016-04-25,2016-04-29,Second Class,JL-15850,John Lucas,Consumer,United States,Philadelphia,Pennsylvania,19134,East,TEC-PH-10004614,Technology,Phones,AT&T 841000 Phone,82.8,2,0.4,-20.7,2016-04
333,US-2016-150147,2016-04-25,2016-04-29,Second Class,JL-15850,John Lucas,Consumer,United States,Philadelphia,Pennsylvania,19134,East,OFF-BI-10001153,Office Supplies,Binders,Ibico Recycled Grain-Textured Covers,20.724,2,0.7,-13.816,2016-04
334,US-2016-150147,2016-04-25,2016-04-29,Second Class,JL-15850,John Lucas,Consumer,United States,Philadelphia,Pennsylvania,19134,East,OFF-BI-10001982,Office Supplies,Binders,Wilson Jones Custom Binder Spines & Labels,4.896,3,0.7,-3.4272,2016-04
335,CA-2015-137946,2015-09-01,2015-09-04,Second Class,DB-13615,Doug Bickford,Consumer,United States,Los Angeles,California,90045,West,OFF-BI-10001922,Office Supplies,Binders,Storex Dura Pro Binders,4.752,1,0.2,1.6038,2015-09
336,CA-2015-137946,2015-09-01,2015-09-04,Second Class,DB-13615,Doug Bickford,Consumer,United States,Los Angeles,California,90045,West,TEC-CO-10001449,Technology,Copiers,Hewlett Packard LaserJet 3310 Copier,959.984,2,0.2,335.9944,2015-09
337,CA-2015-137946,2015-09-01,2015-09-04,Second Class,DB-13615,Doug Bickford,Consumer,United States,Los Angeles,California,90045,West,OFF-BI-10004140,Office Supplies,Binders,Avery Non-Stick Binders,14.368,4,0.2,4.49,2015-09
338,CA-2014-129924,2014-07-12,2014-07-17,Standard Class,AC-10420,Alyssa Crouse,Corporate,United States,San Francisco,California,94122,West,OFF-BI-10003314,Office Supplies,Binders,Tuff Stuff Recycled Round Ring Binders,7.712,2,0.2,2.7956,2014-07
339,CA-2014-129924,2014-07-12,2014-07-17,Standard Class,AC-10420,Alyssa Crouse,Corporate,United States,San Francisco,California,94122,West,FUR-TA-10004575,Furniture,Tables,Hon 5100 Series Wood Tables,698.352,3,0.2,-17.4588,2014-07
340,CA-2015-128167,2015-06-22,2015-06-26,Second Class,KL-16645,Ken Lonsdale,Consumer,United States,Layton,Utah,84041,West,OFF-FA-10000490,Office Supplies,Fasteners,"OIC Binder Clips, Mini, 1/4"" Capacity, Black",4.96,4,0.0,2.3312,2015-06
341,CA-2014-122336,2014-04-13,2014-04-17,Second Class,JD-15895,Jonathan Doherty,Corporate,United States,Philadelphia,Pennsylvania,19140,East,OFF-AR-10000122,Office Supplies,Art,Newell 314,17.856,4,0.2,1.116,2014-04
342,CA-2014-122336,2014-04-13,2014-04-17,Second Class,JD-15895,Jonathan Doherty,Corporate,United States,Philadelphia,Pennsylvania,19140,East,OFF-BI-10003656,Office Supplies,Binders,Fellowes PB200 Plastic Comb Binding Machine,509.97,10,0.7,-407.976,2014-04
343,CA-2014-122336,2014-04-13,2014-04-17,Second Class,JD-15895,Jonathan Doherty,Corporate,United States,Philadelphia,Pennsylvania,19140,East,OFF-FA-10002780,Office Supplies,Fasteners,Staples,30.992,13,0.2,10.0724,2014-04
344,CA-2014-122336,2014-04-13,2014-04-17,Second Class,JD-15895,Jonathan Doherty,Corporate,United States,Philadelphia,Pennsylvania,19140,East,TEC-PH-10000702,Technology,Phones,"Square Credit Card Reader, 4 1/2"" x 4 1/2"" x 1"", White",71.928,12,0.4,8.3916,2014-04
345,US-2015-120712,2015-12-20,2015-12-24,Standard Class,CS-12130,Chad Sievert,Consumer,United States,Austin,Texas,78745,Central,OFF-ST-10000107,Office Supplies,Storage,Fellowes Super Stor/Drawer,88.8,4,0.2,-2.22,2015-12
346,CA-2017-169901,2017-06-15,2017-06-19,Standard Class,CC-12550,Clay Cheatham,Consumer,United States,San Francisco,California,94122,West,TEC-PH-10002293,Technology,Phones,Anker 36W 4-Port USB Wall Charger Travel Power Adapter for iPhone 5s 5c 5,47.976,3,0.2,4.7976,2017-06
347,CA-2017-134306,2017-07-08,2017-07-12,Standard Class,TD-20995,Tamara Dahlen,Consumer,United States,Lowell,Massachusetts,1852,East,OFF-AR-10004027,Office Supplies,Art,"Binney & Smith inkTank Erasable Desk Highlighter, Chisel Tip, Yellow, 12/Box",7.56,3,0.0,3.0996,2017-07
348,CA-2017-134306,2017-07-08,2017-07-12,Standard Class,TD-20995,Tamara Dahlen,Consumer,United States,Lowell,Massachusetts,1852,East,OFF-PA-10000249,Office Supplies,Paper,Easy-staple paper,24.56,2,0.0,11.5432,2017-07
349,CA-2017-134306,2017-07-08,2017-07-12,Standard Class,TD-20995,Tamara Dahlen,Consumer,United States,Lowell,Massachusetts,1852,East,OFF-AR-10001374,Office Supplies,Art,"BIC Brite Liner Highlighters, Chisel Tip",12.96,2,0.0,4.1472,2017-07
350,CA-2016-129714,2016-09-01,2016-09-03,First Class,AB-10060,Adam Bellavance,Home Office,United States,New York City,New York,10009,East,TEC-AC-10000290,Technology,Accessories,Sabrent 4-Port USB 2.0 Hub,6.79,1,0.0,2.3086,2016-09
351,CA-2016-129714,2016-09-01,2016-09-03,First Class,AB-10060,Adam Bellavance,Home Office,United States,New York City,New York,10009,East,OFF-PA-10001970,Office Supplies,Paper,Xerox 1881,24.56,2,0.0,11.5432,2016-09
352,CA-2016-129714,2016-09-01,2016-09-03,First Class,AB-10060,Adam Bellavance,Home Office,United States,New York City,New York,10009,East,OFF-BI-10002160,Office Supplies,Binders,Acco Hanging Data Binders,3.048,1,0.2,1.0668,2016-09
353,CA-2016-129714,2016-09-01,2016-09-03,First Class,AB-10060,Adam Bellavance,Home Office,United States,New York City,New York,10009,East,OFF-PA-10001970,Office Supplies,Paper,Xerox 1881,49.12,4,0.0,23.0864,2016-09
354,CA-2016-129714,2016-09-01,2016-09-03,First Class,AB-10060,Adam Bellavance,Home Office,United States,New York City,New York,10009,East,OFF-BI-10004995,Office Supplies,Binders,GBC DocuBind P400 Electric Binding System,4355.168,4,0.2,1415.4296,2016-09
355,CA-2016-138520,2016-04-08,2016-04-13,Standard Class,JL-15505,Jeremy Lonsdale,Consumer,United States,New York City,New York,10035,East,FUR-BO-10002268,Furniture,Bookcases,Sauder Barrister Bookcases,388.704,6,0.2,-4.8588,2016-04
356,CA-2016-138520,2016-04-08,2016-04-13,Standard Class,JL-15505,Jeremy Lonsdale,Consumer,United States,New York City,New York,10035,East,OFF-EN-10001137,Office Supplies,Envelopes,"#10 Gummed Flap White Envelopes, 100/Box",8.26,2,0.0,3.7996,2016-04
357,CA-2016-138520,2016-04-08,2016-04-13,Standard Class,JL-15505,Jeremy Lonsdale,Consumer,United States,New York City,New York,10035,East,OFF-AR-10002399,Office Supplies,Art,"Dixon Prang Watercolor Pencils, 10-Color Set with Brush",17.04,4,0.0,6.9864,2016-04
358,CA-2016-138520,2016-04-08,2016-04-13,Standard Class,JL-15505,Jeremy Lonsdale,Consumer,United States,New York City,New York,10035,East,OFF-PA-10002713,Office Supplies,Paper,"Adams Phone Message Book, 200 Message Capacity, 8 1/16 x 11",34.4,5,0.0,15.824,2016-04
359,CA-2016-130001,2016-04-23,2016-04-28,Standard Class,HK-14890,Heather Kirkland,Corporate,United States,Charlotte,North Carolina,28205,South,OFF-PA-10002666,Office Supplies,Paper,Southworth 25% Cotton Linen-Finish Paper & Envelopes,36.24,5,0.2,11.325,2016-04
360,CA-2017-155698,2017-03-08,2017-03-11,First Class,VB-21745,Victoria Brennan,Corporate,United States,Columbus,Georgia,31907,South,OFF-AP-10001124,Office Supplies,Appliances,Belkin 8 Outlet SurgeMaster II Gold Surge Protector with Phone Protection,647.84,8,0.0,168.4384,2017-03
361,CA-2017-155698,2017-03-08,2017-03-11,First Class,VB-21745,Victoria Brennan,Corporate,United States,Columbus,Georgia,31907,South,OFF-LA-10001158,Office Supplies,Labels,"Avery Address/Shipping Labels for Typewriters, 4"" x 2""",20.7,2,0.0,9.936,2017-03
362,CA-2017-144904,2017-09-25,2017-10-01,Standard Class,KW-16435,Katrina Willman,Consumer,United States,New York City,New York,10009,East,OFF-LA-10001158,Office Supplies,Labels,"Avery Address/Shipping Labels for Typewriters, 4"" x 2""",20.7,2,0.0,9.936,2017-09
363,CA-2017-144904,2017-09-25,2017-10-01,Standard Class,KW-16435,Katrina Willman,Consumer,United States,New York City,New York,10009,East,FUR-CH-10000785,Furniture,Chairs,Global Ergonomic Managers Chair,488.646,3,0.1,86.8704,2017-09
364,CA-2017-144904,2017-09-25,2017-10-01,Standard Class,KW-16435,Katrina Willman,Consumer,United States,New York City,New York,10009,East,OFF-AR-10003732,Office Supplies,Art,Newell 333,5.56,2,0.0,1.4456,2017-09
365,CA-2017-144904,2017-09-25,2017-10-01,Standard Class,KW-16435,Katrina Willman,Consumer,United States,New York City,New York,10009,East,FUR-FU-10000023,Furniture,Furnishings,Eldon Wave Desk Accessories,47.12,8,0.0,20.7328,2017-09
366,CA-2014-123344,2014-09-24,2014-09-29,Standard Class,JD-16060,Julia Dunbar,Consumer,United States,San Francisco,California,94109,West,OFF-ST-10001713,Office Supplies,Storage,"Gould Plastics 9-Pocket Panel Bin, 18-3/8w x 5-1/4d x 20-1/2h, Black",211.96,4,0.0,8.4784,2014-09
367,CA-2016-155516,2016-10-21,2016-10-21,Same Day,MK-17905,Michael Kennedy,Corporate,United States,Manchester,Connecticut,6040,East,OFF-BI-10002412,Office Supplies,Binders,Wilson Jones Snap Scratch Pad Binder Tool for Ring Binders,23.2,4,0.0,10.44,2016-10
368,CA-2016-155516,2016-10-21,2016-10-21,Same Day,MK-17905,Michael Kennedy,Corporate,United States,Manchester,Connecticut,6040,East,OFF-SU-10001225,Office Supplies,Supplies,Staple remover,7.36,2,0.0,0.1472,2016-10
369,CA-2016-155516,2016-10-21,2016-10-21,Same Day,MK-17905,Michael Kennedy,Corporate,United States,Manchester,Connecticut,6040,East,OFF-ST-10002406,Office Supplies,Storage,Pizazz Global Quick File,104.79,7,0.0,29.3412,2016-10
370,CA-2016-155516,2016-10-21,2016-10-21,Same Day,MK-17905,Michael Kennedy,Corporate,United States,Manchester,Connecticut,6040,East,FUR-BO-10002545,Furniture,Bookcases,"Atlantic Metals Mobile 3-Shelf Bookcases, Custom Colors",1043.92,4,0.0,271.4192,2016-10
371,CA-2017-104745,2017-05-29,2017-06-04,Standard Class,GT-14755,Guy Thornton,Consumer,United States,Harlingen,Texas,78550,Central,OFF-PA-10002036,Office Supplies,Paper,Xerox 1930,25.92,5,0.2,9.396,2017-05
372,CA-2017-104745,2017-05-29,2017-06-04,Standard Class,GT-14755,Guy Thornton,Consumer,United States,Harlingen,Texas,78550,Central,OFF-ST-10002205,Office Supplies,Storage,File Shuttle I and Handi-File,53.424,3,0.2,4.6746,2017-05
373,US-2014-119137,2014-07-23,2014-07-27,Standard Class,AG-10900,Arthur Gainer,Consumer,United States,Tucson,Arizona,85705,West,OFF-BI-10001982,Office Supplies,Binders,Wilson Jones Custom Binder Spines & Labels,8.16,5,0.7,-5.712,2014-07
374,US-2014-119137,2014-07-23,2014-07-27,Standard Class,AG-10900,Arthur Gainer,Consumer,United States,Tucson,Arizona,85705,West,TEC-AC-10003911,Technology,Accessories,NETGEAR AC1750 Dual Band Gigabit Smart WiFi Router,1023.936,8,0.2,179.1888,2014-07
375,US-2014-119137,2014-07-23,2014-07-27,Standard Class,AG-10900,Arthur Gainer,Consumer,United States,Tucson,Arizona,85705,West,OFF-AR-10000658,Office Supplies,Art,Newell 324,9.24,1,0.2,0.924,2014-07
376,US-2014-119137,2014-07-23,2014-07-27,Standard Class,AG-10900,Arthur Gainer,Consumer,United States,Tucson,Arizona,85705,West,TEC-AC-10002076,Technology,Accessories,Microsoft Natural Keyboard Elite,479.04,10,0.2,-29.94,2014-07
377,US-2016-134656,2016-09-28,2016-10-01,First Class,MM-18280,Muhammed MacIntyre,Corporate,United States,Quincy,Illinois,62301,Central,OFF-PA-10003039,Office Supplies,Paper,Xerox 1960,99.136,4,0.2,30.98,2016-09
378,US-2017-134481,2017-08-27,2017-09-01,Standard Class,AR-10405,Allen Rosenblatt,Corporate,United States,Franklin,Massachusetts,2038,East,FUR-TA-10004915,Furniture,Tables,"Office Impressions End Table, 20-1/2""H x 24""W x 20""D",1488.424,7,0.3,-297.6848,2017-08
379,CA-2015-130792,2015-04-28,2015-05-05,Standard Class,RA-19915,Russell Applegate,Consumer,United States,Houston,Texas,77095,Central,OFF-AP-10000696,Office Supplies,Appliances,Holmes Odor Grabber,8.652,3,0.8,-20.3322,2015-04
380,CA-2015-130792,2015-04-28,2015-05-05,Standard Class,RA-19915,Russell Applegate,Consumer,United States,Houston,Texas,77095,Central,OFF-ST-10003327,Office Supplies,Storage,Akro-Mils 12-Gallon Tote,23.832,3,0.2,2.6811,2015-04
381,CA-2015-130792,2015-04-28,2015-05-05,Standard Class,RA-19915,Russell Applegate,Consumer,United States,Houston,Texas,77095,Central,OFF-BI-10000309,Office Supplies,Binders,"GBC Twin Loop Wire Binding Elements, 9/16"" Spine, Black",12.176,4,0.8,-18.8728,2015-04
382,CA-2016-134775,2016-10-28,2016-10-29,First Class,AS-10285,Alejandro Savely,Corporate,United States,San Francisco,California,94109,West,OFF-PA-10004734,Office Supplies,Paper,Southworth Structures Collection,50.96,7,0.0,25.48,2016-10
383,CA-2016-134775,2016-10-28,2016-10-29,First Class,AS-10285,Alejandro Savely,Corporate,United States,San Francisco,California,94109,West,OFF-BI-10002225,Office Supplies,Binders,"Square Ring Data Binders, Rigid 75 Pt. Covers, 11"" x 14-7/8""",49.536,3,0.2,17.3376,2016-10
384,CA-2015-125395,2015-06-26,2015-06-29,Second Class,LA-16780,Laura Armstrong,Corporate,United States,Taylor,Michigan,48180,Central,TEC-AC-10004708,Technology,Accessories,Sony 32GB Class 10 Micro SDHC R40 Memory Card,41.9,2,0.0,8.799,2015-06
385,US-2015-168935,2015-11-27,2015-12-02,Standard Class,DO-13435,Denny Ordway,Consumer,United States,Pembroke Pines,Florida,33024,South,FUR-TA-10000617,Furniture,Tables,"Hon Practical Foundations 30 x 60 Training Table, Light Gray/Charcoal",375.4575,3,0.45,-157.0095,2015-11
386,US-2015-168935,2015-11-27,2015-12-02,Standard Class,DO-13435,Denny Ordway,Consumer,United States,Pembroke Pines,Florida,33024,South,TEC-AC-10002335,Technology,Accessories,Logitech Media Keyboard K200,83.976,3,0.2,-1.0497,2015-11
387,CA-2015-122756,2015-12-03,2015-12-07,Standard Class,DK-13225,Dean Katz,Corporate,United States,Philadelphia,Pennsylvania,19140,East,TEC-MA-10001681,Technology,Machines,Lexmark MarkNet N8150 Wireless Print Server,482.34,4,0.7,-337.638,2015-12
388,CA-2015-122756,2015-12-03,2015-12-07,Standard Class,DK-13225,Dean Katz,Corporate,United States,Philadelphia,Pennsylvania,19140,East,FUR-FU-10001935,Furniture,Furnishings,3M Hangers With Command Adhesive,2.96,1,0.2,0.777,2015-12
389,CA-2014-115973,2014-11-24,2014-11-26,First Class,NG-18430,Nathan Gelder,Consumer,United States,Cincinnati,Ohio,45231,East,OFF-AR-10004757,Office Supplies,Art,Crayola Colored Pencils,2.624,1,0.2,0.4264,2014-11
390,CA-2017-101798,2017-12-11,2017-12-15,Standard Class,MV-18190,Mike Vittorini,Consumer,United States,New York City,New York,10009,East,OFF-BI-10000050,Office Supplies,Binders,"Angle-D Binders with Locking Rings, Label Holders",23.36,4,0.2,7.884,2017-12
391,CA-2017-101798,2017-12-11,2017-12-15,Standard Class,MV-18190,Mike Vittorini,Consumer,United States,New York City,New York,10009,East,TEC-AC-10001998,Technology,Accessories,Logitech LS21 Speaker System - PC Multimedia - 2.1-CH - Wired,39.98,2,0.0,13.5932,2017-12
392,US-2014-135972,2014-09-21,2014-09-23,Second Class,JG-15115,Jack Garza,Consumer,United States,Des Moines,Washington,98198,West,TEC-PH-10003012,Technology,Phones,Nortel Meridian M3904 Professional Digital phone,246.384,2,0.2,27.7182,2014-09
393,US-2014-135972,2014-09-21,2014-09-23,Second Class,JG-15115,Jack Garza,Consumer,United States,Des Moines,Washington,98198,West,TEC-CO-10002313,Technology,Copiers,Canon PC1080F Personal Copier,1799.97,3,0.0,701.9883,2014-09
394,US-2014-134971,2014-06-07,2014-06-10,Second Class,BP-11095,Bart Pistole,Corporate,United States,Peoria,Illinois,61604,Central,OFF-BI-10003982,Office Supplies,Binders,Wilson Jones Century Plastic Molded Ring Binders,12.462,3,0.8,-20.5623,2014-06
395,CA-2017-102946,2017-06-30,2017-07-05,Standard Class,VP-21730,Victor Preis,Home Office,United States,Las Vegas,Nevada,89115,West,OFF-BI-10004492,Office Supplies,Binders,Tuf-Vin Binders,75.792,3,0.2,25.5798,2017-06
396,CA-2017-165603,2017-10-17,2017-10-19,Second Class,SS-20140,Saphhira Shifley,Corporate,United States,Warwick,Rhode Island,2886,East,OFF-ST-10000798,Office Supplies,Storage,2300 Heavy-Duty Transfer File Systems by Perma,49.96,2,0.0,9.4924,2017-10
397,CA-2017-165603,2017-10-17,2017-10-19,Second Class,SS-20140,Saphhira Shifley,Corporate,United States,Warwick,Rhode Island,2886,East,OFF-PA-10002552,Office Supplies,Paper,Xerox 1958,12.96,2,0.0,6.2208,2017-10
398,CA-2015-122259,2015-10-31,2015-11-04,Standard Class,HP-14815,Harold Pawlan,Home Office,United States,Jackson,Michigan,49201,Central,OFF-SU-10002573,Office Supplies,Supplies,"Acme 10"" Easy Grip Assistive Scissors",70.12,4,0.0,21.036,2015-10
399,CA-2016-108987,2016-09-08,2016-09-10,Second Class,AG-10675,Anna Gayman,Consumer,United States,Houston,Texas,77036,Central,OFF-ST-10001580,Office Supplies,Storage,Super Decoflex Portable Personal File,35.952,3,0.2,3.5952,2016-09
400,CA-2016-108987,2016-09-08,2016-09-10,Second Class,AG-10675,Anna Gayman,Consumer,United States,Houston,Texas,77036,Central,FUR-BO-10004834,Furniture,Bookcases,"Riverside Palais Royal Lawyers Bookcase, Royale Cherry Finish",2396.2656,4,0.32,-317.1528,2016-09
401,CA-2016-108987,2016-09-08,2016-09-10,Second Class,AG-10675,Anna Gayman,Consumer,United States,Houston,Texas,77036,Central,OFF-ST-10000934,Office Supplies,Storage,"Contico 72""H Heavy-Duty Storage System",131.136,4,0.2,-32.784,2016-09
402,CA-2016-108987,2016-09-08,2016-09-10,Second Class,AG-10675,Anna Gayman,Consumer,United States,Houston,Texas,77036,Central,TEC-AC-10000158,Technology,Accessories,Sony 64GB Class 10 Micro SDHC R40 Memory Card,57.584,2,0.2,0.7198,2016-09
403,CA-2014-113166,2014-12-24,2014-12-26,First Class,LF-17185,Luke Foster,Consumer,United States,Miami,Florida,33180,South,OFF-PA-10001947,Office Supplies,Paper,Xerox 1974,9.568,2,0.2,3.4684,2014-12
404,CA-2014-155208,2014-04-16,2014-04-20,Standard Class,SP-20650,Stephanie Phelps,Corporate,United States,Wilmington,North Carolina,28403,South,OFF-AR-10003478,Office Supplies,Art,"Avery Hi-Liter EverBold Pen Style Fluorescent Highlighters, 4/Pack",39.072,6,0.2,9.768,2014-04
405,CA-2017-117933,2017-12-24,2017-12-29,Standard Class,RF-19840,Roy Französisch,Consumer,United States,New York City,New York,10024,East,OFF-AP-10004249,Office Supplies,Appliances,Staple holder,35.91,3,0.0,9.6957,2017-12
406,CA-2017-117457,2017-12-08,2017-12-12,Standard Class,KH-16510,Keith Herrera,Consumer,United States,San Francisco,California,94110,West,TEC-AC-10000158,Technology,Accessories,Sony 64GB Class 10 Micro SDHC R40 Memory Card,179.95,5,0.0,37.7895,2017-12
407,CA-2017-117457,2017-12-08,2017-12-12,Standard Class,KH-16510,Keith Herrera,Consumer,United States,San Francisco,California,94110,West,TEC-CO-10004115,Technology,Copiers,Sharp AL-1530CS Digital Copier,1199.976,3,0.2,434.9913,2017-12
408,CA-2017-117457,2017-12-08,2017-12-12,Standard Class,KH-16510,Keith Herrera,Consumer,United States,San Francisco,California,94110,West,OFF-PA-10003724,Office Supplies,Paper,"Wirebound Message Book, 4 per Page",27.15,5,0.0,13.3035,2017-12
409,CA-2017-117457,2017-12-08,2017-12-12,Standard Class,KH-16510,Keith Herrera,Consumer,United States,San Francisco,California,94110,West,FUR-TA-10002041,Furniture,Tables,"Bevis Round Conference Table Top, X-Base",1004.024,7,0.2,-112.9527,2017-12
410,CA-2017-117457,2017-12-08,2017-12-12,Standard Class,KH-16510,Keith Herrera,Consumer,United States,San Francisco,California,94110,West,OFF-PA-10002893,Office Supplies,Paper,"Wirebound Service Call Books, 5 1/2"" x 4""",9.68,1,0.0,4.6464,2017-12
411,CA-2017-117457,2017-12-08,2017-12-12,Standard Class,KH-16510,Keith Herrera,Consumer,United States,San Francisco,California,94110,West,OFF-LA-10003766,Office Supplies,Labels,Self-Adhesive Removable Labels,28.35,9,0.0,13.608,2017-12
412,CA-2017-117457,2017-12-08,2017-12-12,Standard Class,KH-16510,Keith Herrera,Consumer,United States,San Francisco,California,94110,West,OFF-PA-10001970,Office Supplies,Paper,Xerox 1908,55.98,1,0.0,27.4302,2017-12
413,CA-2017-117457,2017-12-08,2017-12-12,Standard Class,KH-16510,Keith Herrera,Consumer,United States,San Francisco,California,94110,West,FUR-BO-10001972,Furniture,Bookcases,O'Sullivan 4-Shelf Bookcase in Odessa Pine,1336.829,13,0.15,31.4548,2017-12
414,CA-2017-117457,2017-12-08,2017-12-12,Standard Class,KH-16510,Keith Herrera,Consumer,United States,San Francisco,California,94110,West,FUR-CH-10003956,Furniture,Chairs,Novimex High-Tech Fabric Mesh Task Chair,113.568,2,0.2,-18.4548,2017-12
415,CA-2017-142636,2017-11-03,2017-11-07,Standard Class,KC-16675,Kimberly Carter,Corporate,United States,Seattle,Washington,98105,West,OFF-PA-10000157,Office Supplies,Paper,Xerox 191,139.86,7,0.0,65.7342,2017-11
416,CA-2017-142636,2017-11-03,2017-11-07,Standard Class,KC-16675,Kimberly Carter,Corporate,United States,Seattle,Washington,98105,West,FUR-CH-10001891,Furniture,Chairs,Global Deluxe Office Fabric Chairs,307.136,4,0.2,26.8744,2017-11
417,CA-2017-122105,2017-06-24,2017-06-28,Standard Class,CJ-12010,Caroline Jumper,Consumer,United States,Huntington Beach,California,92646,West,OFF-AR-10004344,Office Supplies,Art,Bulldog Vacuum Base Pencil Sharpener,95.92,8,0.0,25.8984,2017-06
418,CA-2016-148796,2016-04-14,2016-04-18,Standard Class,PB-19150,Philip Brown,Consumer,United States,Los Angeles,California,90004,West,FUR-CH-10004886,Furniture,Chairs,Bevis Steel Folding Chairs,383.8,5,0.2,38.38,2016-04
419,CA-2017-154816,2017-11-06,2017-11-10,Standard Class,VB-21745,Victoria Brennan,Corporate,United States,Richmond,Kentucky,40475,South,OFF-PA-10003845,Office Supplies,Paper,Xerox 1987,5.78,1,0.0,2.8322,2017-11
420,CA-2017-110478,2017-03-04,2017-03-09,Standard Class,SP-20860,Sung Pak,Corporate,United States,Los Angeles,California,90045,West,OFF-AR-10001573,Office Supplies,Art,American Pencil,9.32,4,0.0,2.7028,2017-03
421,CA-2017-110478,2017-03-04,2017-03-09,Standard Class,SP-20860,Sung Pak,Corporate,United States,Los Angeles,California,90045,West,OFF-EN-10000483,Office Supplies,Envelopes,"White Envelopes, White Envelopes with Clear Poly Window",15.25,1,0.0,7.015,2017-03
422,CA-2014-142048,2014-06-22,2014-06-25,First Class,JE-15745,Joel Eaton,Consumer,United States,Louisville,Colorado,80027,West,TEC-AC-10004114,Technology,Accessories,KeyTronic 6101 Series - Keyboard - Black,196.752,6,0.2,56.5662,2014-06
423,CA-2017-125388,2017-10-19,2017-10-23,Standard Class,MP-17965,Michael Paige,Corporate,United States,Lawrence,Massachusetts,1841,East,FUR-FU-10004712,Furniture,Furnishings,"Westinghouse Mesh Shade Clip-On Gooseneck Lamp, Black",56.56,4,0.0,14.7056,2017-10
424,CA-2017-125388,2017-10-19,2017-10-23,Standard Class,MP-17965,Michael Paige,Corporate,United States,Lawrence,Massachusetts,1841,East,OFF-ST-10000918,Office Supplies,Storage,Crate-A-Files,32.7,3,0.0,8.502,2017-10
425,CA-2017-155705,2017-08-21,2017-08-23,Second Class,NF-18385,Natalie Fritzler,Consumer,United States,Jackson,Mississippi,39212,South,FUR-CH-10000015,Furniture,Chairs,Hon Multipurpose Stacking Arm Chairs,866.4,4,0.0,225.264,2017-08
426,CA-2017-149160,2017-11-23,2017-11-26,Second Class,JM-15265,Janet Molinari,Corporate,United States,Canton,Michigan,48187,Central,FUR-FU-10003347,Furniture,Furnishings,Coloredge Poster Frame,28.4,2,0.0,11.076,2017-11
427,CA-2017-149160,2017-11-23,2017-11-26,Second Class,JM-15265,Janet Molinari,Corporate,United States,Canton,Michigan,48187,Central,OFF-BI-10001543,Office Supplies,Binders,GBC VeloBinder Manual Binding System,287.92,8,0.0,138.2016,2017-11
428,CA-2014-101476,2014-09-12,2014-09-13,First Class,SD-20485,Shirley Daniels,Home Office,United States,New Rochelle,New York,10801,East,TEC-MA-10000029,Technology,Machines,"Epson WorkForce WF-2530 All-in-One Printer, Copier Scanner",69.99,1,0.0,30.0957,2014-09
429,CA-2017-152275,2017-10-01,2017-10-08,Standard Class,KH-16630,Ken Heidel,Corporate,United States,San Antonio,Texas,78207,Central,OFF-AR-10000369,Office Supplies,Art,Design Ebony Sketching Pencil,6.672,6,0.2,0.5004,2017-10
430,US-2016-123750,2016-04-15,2016-04-21,Standard Class,RB-19795,Ross Baird,Home Office,United States,Gastonia,North Carolina,28052,South,OFF-BI-10004584,Office Supplies,Binders,GBC ProClick 150 Presentation Binding System,189.588,2,0.7,-145.3508,2016-04
431,US-2016-123750,2016-04-15,2016-04-21,Standard Class,RB-19795,Ross Baird,Home Office,United States,Gastonia,North Carolina,28052,South,TEC-AC-10004659,Technology,Accessories,Imation Secure+ Hardware Encrypted USB 2.0 Flash Drive; 16GB,408.744,7,0.2,76.6395,2016-04
432,US-2016-123750,2016-04-15,2016-04-21,Standard Class,RB-19795,Ross Baird,Home Office,United States,Gastonia,North Carolina,28052,South,TEC-AC-10004659,Technology,Accessories,Imation Secure+ Hardware Encrypted USB 2.0 Flash Drive; 16GB,291.96,5,0.2,54.7425,2016-04
433,US-2016-123750,2016-04-15,2016-04-21,Standard Class,RB-19795,Ross Baird,Home Office,United States,Gastonia,North Carolina,28052,South,OFF-ST-10000617,Office Supplies,Storage,Woodgrain Magazine Files by Perma,4.768,2,0.2,-0.7748,2016-04
434,CA-2016-127369,2016-06-06,2016-06-07,First Class,DB-13060,Dave Brooks,Consumer,United States,Lowell,Massachusetts,1852,East,OFF-ST-10003306,Office Supplies,Storage,Letter Size Cart,714.3,5,0.0,207.147,2016-06
435,US-2014-150574,2014-12-19,2014-12-25,Standard Class,MK-18160,Mike Kennedy,Consumer,United States,Jacksonville,Florida,32216,South,OFF-BI-10000773,Office Supplies,Binders,Insertable Tab Post Binder Dividers,4.812,2,0.7,-3.6892,2014-12
436,US-2014-150574,2014-12-19,2014-12-25,Standard Class,MK-18160,Mike Kennedy,Consumer,United States,Jacksonville,Florida,32216,South,TEC-AC-10002600,Technology,Accessories,Belkin QODE FastFit Bluetooth Keyboard,247.8,5,0.2,-18.585,2014-12
437,CA-2016-147375,2016-06-12,2016-06-14,Second Class,PO-19180,Philisse Overcash,Home Office,United States,Chicago,Illinois,60623,Central,TEC-MA-10002937,Technology,Machines,"Canon Color ImageCLASS MF8580Cdw Wireless Laser All-In-One Printer, Copier, Scanner",1007.979,3,0.3,43.1991,2016-06
438,CA-2016-147375,2016-06-12,2016-06-14,Second Class,PO-19180,Philisse Overcash,Home Office,United States,Chicago,Illinois,60623,Central,OFF-PA-10001970,Office Supplies,Paper,Xerox 1908,313.488,7,0.2,113.6394,2016-06
439,CA-2017-130043,2017-09-15,2017-09-19,Standard Class,BB-11545,Brenda Bowman,Corporate,United States,Houston,Texas,77070,Central,OFF-PA-10002230,Office Supplies,Paper,Xerox 1897,31.872,8,0.2,11.5536,2017-09
440,CA-2017-157252,2017-01-20,2017-01-23,Second Class,CV-12805,Cynthia Voltz,Corporate,United States,New York City,New York,10024,East,FUR-CH-10003396,Furniture,Chairs,Global Deluxe Steno Chair,207.846,3,0.1,2.3094,2017-01
441,CA-2016-115756,2016-09-05,2016-09-07,Second Class,PK-19075,Pete Kriz,Consumer,United States,Detroit,Michigan,48227,Central,FUR-FU-10000246,Furniture,Furnishings,Aluminum Document Frame,12.22,1,0.0,3.666,2016-09
442,CA-2016-115756,2016-09-05,2016-09-07,Second Class,PK-19075,Pete Kriz,Consumer,United States,Detroit,Michigan,48227,Central,OFF-ST-10000060,Office Supplies,Storage,Fellowes Bankers Box Staxonsteel Drawer File/Stacking System,194.94,3,0.0,23.3928,2016-09
443,CA-2016-115756,2016-09-05,2016-09-07,Second Class,PK-19075,Pete Kriz,Consumer,United States,Detroit,Michigan,48227,Central,OFF-ST-10003058,Office Supplies,Storage,Eldon Mobile Mega Data Cart  Mega Stackable  Add-On Trays,70.95,3,0.0,20.5755,2016-09
444,CA-2016-115756,2016-09-05,2016-09-07,Second Class,PK-19075,Pete Kriz,Consumer,United States,Detroit,Michigan,48227,Central,OFF-PA-10002222,Office Supplies,Paper,"Xerox Color Copier Paper, 11"" x 17"", Ream",91.36,4,0.0,42.0256,2016-09
445,CA-2016-115756,2016-09-05,2016-09-07,Second Class,PK-19075,Pete Kriz,Consumer,United States,Detroit,Michigan,48227,Central,FUR-CH-10002372,Furniture,Chairs,Office Star - Ergonomically Designed Knee Chair,242.94,3,0.0,29.1528,2016-09
446,CA-2016-115756,2016-09-05,2016-09-07,Second Class,PK-19075,Pete Kriz,Consumer,United States,Detroit,Michigan,48227,Central,OFF-LA-10001317,Office Supplies,Labels,Avery 520,22.05,7,0.0,10.584,2016-09
447,CA-2017-154214,2017-03-20,2017-03-25,Second Class,TB-21595,Troy Blackwell,Consumer,United States,Columbus,Indiana,47201,Central,FUR-FU-10000206,Furniture,Furnishings,"GE General Purpose, Extra Long Life, Showcase & Floodlight Incandescent Bulbs",2.91,1,0.0,1.3677,2017-03
448,CA-2016-166674,2016-04-01,2016-04-03,Second Class,RB-19360,Raymond Buch,Consumer,United States,Auburn,New York,13021,East,OFF-AR-10000588,Office Supplies,Art,Newell 345,59.52,3,0.0,15.4752,2016-04
449,CA-2016-166674,2016-04-01,2016-04-03,Second Class,RB-19360,Raymond Buch,Consumer,United States,Auburn,New York,13021,East,OFF-ST-10001469,Office Supplies,Storage,Fellowes Bankers Box Recycled Super Stor/Drawer,161.94,3,0.0,9.7164,2016-04
450,CA-2016-166674,2016-04-01,2016-04-03,Second Class,RB-19360,Raymond Buch,Consumer,United States,Auburn,New York,13021,East,OFF-AR-10001953,Office Supplies,Art,Boston 1645 Deluxe Heavier-Duty Electric Pencil Sharpener,263.88,6,0.0,71.2476,2016-04
451,CA-2016-166674,2016-04-01,2016-04-03,Second Class,RB-19360,Raymond Buch,Consumer,United States,Auburn,New York,13021,East,OFF-AR-10003156,Office Supplies,Art,50 Colored Long Pencils,30.48,3,0.0,7.9248,2016-04
452,CA-2016-166674,2016-04-01,2016-04-03,Second Class,RB-19360,Raymond Buch,Consumer,United States,Auburn,New York,13021,East,OFF-AR-10004974,Office Supplies,Art,Newell 342,9.84,3,0.0,2.8536,2016-04
453,CA-2016-166674,2016-04-01,2016-04-03,Second Class,RB-19360,Raymond Buch,Consumer,United States,Auburn,New York,13021,East,TEC-PH-10002365,Technology,Phones,Belkin Grip Candy Sheer Case / Cover for iPhone 5 and 5S,35.12,4,0.0,9.1312,2016-04
454,CA-2017-147277,2017-10-20,2017-10-24,Standard Class,EB-13705,Ed Braxton,Corporate,United States,Akron,Ohio,44312,East,FUR-TA-10001539,Furniture,Tables,Chromcraft Rectangular Conference Tables,284.364,2,0.4,-75.8304,2017-10
455,CA-2017-147277,2017-10-20,2017-10-24,Standard Class,EB-13705,Ed Braxton,Corporate,United States,Akron,Ohio,44312,East,OFF-ST-10000142,Office Supplies,Storage,Deluxe Rollaway Locking File with Drawer,665.408,2,0.2,66.5408,2017-10
456,CA-2016-100153,2016-12-13,2016-12-17,Standard Class,KH-16630,Ken Heidel,Corporate,United States,Norman,Oklahoma,73071,Central,TEC-AC-10001772,Technology,Accessories,Memorex Mini Travel Drive 16 GB USB 2.0 Flash Drive,63.88,4,0.0,24.9132,2016-12
457,US-2014-110674,2014-02-12,2014-02-18,Standard Class,SC-20095,Sanjit Chand,Consumer,United States,Concord,California,94521,West,FUR-CH-10000225,Furniture,Chairs,"Global Geo Office Task Chair, Gray",129.568,2,0.2,-24.294,2014-02
458,US-2016-157945,2016-09-26,2016-10-01,Standard Class,NF-18385,Natalie Fritzler,Consumer,United States,Decatur,Illinois,62521,Central,FUR-CH-10002331,Furniture,Chairs,Hon 4700 Series Mobuis Mid-Back Task Chairs with Adjustable Arms,747.558,3,0.3,-96.1146,2016-09
459,US-2016-157945,2016-09-26,2016-10-01,Standard Class,NF-18385,Natalie Fritzler,Consumer,United States,Decatur,Illinois,62521,Central,OFF-EN-10001415,Office Supplies,Envelopes,Staple envelope,8.928,2,0.2,3.348,2016-09
460,CA-2015-109638,2015-12-15,2015-12-22,Standard Class,JH-15985,Joseph Holt,Consumer,United States,Seattle,Washington,98115,West,OFF-AP-10002472,Office Supplies,Appliances,3M Office Air Cleaner,103.92,4,0.0,36.372,2015-12
461,CA-2015-109638,2015-12-15,2015-12-22,Standard Class,JH-15985,Joseph Holt,Consumer,United States,Seattle,Washington,98115,West,TEC-AC-10004571,Technology,Accessories,Logitech G700s Rechargeable Gaming Mouse,899.91,9,0.0,377.9622,2015-12
462,CA-2015-109638,2015-12-15,2015-12-22,Standard Class,JH-15985,Joseph Holt,Consumer,United States,Seattle,Washington,98115,West,OFF-BI-10001098,Office Supplies,Binders,Acco D-Ring Binder w/DublLock,51.312,3,0.2,18.6006,2015-12
463,CA-2016-109869,2016-04-22,2016-04-29,Standard Class,TN-21040,Tanja Norvell,Home Office,United States,Phoenix,Arizona,85023,West,FUR-FU-10000023,Furniture,Furnishings,Eldon Wave Desk Accessories,23.56,5,0.2,7.068,2016-04
464,CA-2016-109869,2016-04-22,2016-04-29,Standard Class,TN-21040,Tanja Norvell,Home Office,United States,Phoenix,Arizona,85023,West,FUR-TA-10001889,Furniture,Tables,Bush Advantage Collection Racetrack Conference Table,1272.63,6,0.5,-814.4832,2016-04
465,CA-2016-109869,2016-04-22,2016-04-29,Standard Class,TN-21040,Tanja Norvell,Home Office,United States,Phoenix,Arizona,85023,West,OFF-BI-10000315,Office Supplies,Binders,Poly Designer Cover & Back,28.485,5,0.7,-20.889,2016-04
466,CA-2016-109869,2016-04-22,2016-04-29,Standard Class,TN-21040,Tanja Norvell,Home Office,United States,Phoenix,Arizona,85023,West,OFF-SU-10003505,Office Supplies,Supplies,Premier Electric Letter Opener,185.376,2,0.2,-34.758,2016-04
467,CA-2016-109869,2016-04-22,2016-04-29,Standard Class,TN-21040,Tanja Norvell,Home Office,United States,Phoenix,Arizona,85023,West,OFF-AP-10002578,Office Supplies,Appliances,"Fellowes Premier Superior Surge Suppressor, 10-Outlet, With Phone and Remote",78.272,2,0.2,5.8704,2016-04
468,US-2015-101399,2015-01-17,2015-01-24,Standard Class,JS-15940,Joni Sundaresam,Home Office,United States,Park Ridge,Illinois,60068,Central,FUR-FU-10002918,Furniture,Furnishings,Eldon ClusterMat Chair Mat with Cordless Antistatic Protection,254.744,7,0.6,-312.0614,2015-01
469,CA-2017-154907,2017-03-31,2017-04-04,Standard Class,DS-13180,David Smith,Corporate,United States,Amarillo,Texas,79109,Central,FUR-BO-10002824,Furniture,Bookcases,Bush Mission Pointe Library,205.3328,2,0.32,-36.2352,2017-03
470,US-2016-100419,2016-12-16,2016-12-20,Second Class,CC-12670,Craig Carreira,Consumer,United States,Chicago,Illinois,60610,Central,OFF-BI-10002194,Office Supplies,Binders,Cardinal Hold-It CD Pocket,4.788,3,0.8,-7.9002,2016-12
471,CA-2015-154144,2015-12-20,2015-12-24,Standard Class,MH-17785,Maya Herman,Corporate,United States,Lindenhurst,New York,11757,East,OFF-PA-10004071,Office Supplies,Paper,"Eaton Premium Continuous-Feed Paper, 25% Cotton, Letter Size, White, 1000 Shts/Box",55.48,1,0.0,26.6304,2015-12
472,CA-2014-144666,2014-11-09,2014-11-11,Second Class,JP-15520,Jeremy Pistek,Consumer,United States,San Francisco,California,94110,West,OFF-ST-10002743,Office Supplies,Storage,SAFCO Boltless Steel Shelving,340.92,3,0.0,3.4092,2014-11
473,CA-2014-144666,2014-11-09,2014-11-11,Second Class,JP-15520,Jeremy Pistek,Consumer,United States,San Francisco,California,94110,West,FUR-BO-10001601,Furniture,Bookcases,"Sauder Mission Library with Doors, Fruitwood Finish",222.666,2,0.15,10.4784,2014-11
474,CA-2014-144666,2014-11-09,2014-11-11,Second Class,JP-15520,Jeremy Pistek,Consumer,United States,San Francisco,California,94110,West,TEC-PH-10002680,Technology,Phones,Samsung Galaxy Note 3,703.968,4,0.2,87.996,2014-11
475,CA-2014-144666,2014-11-09,2014-11-11,Second Class,JP-15520,Jeremy Pistek,Consumer,United States,San Francisco,California,94110,West,OFF-ST-10001321,Office Supplies,Storage,"Decoflex Hanging Personal Folder File, Blue",92.52,6,0.0,24.9804,2014-11
476,CA-2014-144666,2014-11-09,2014-11-11,Second Class,JP-15520,Jeremy Pistek,Consumer,United States,San Francisco,California,94110,West,OFF-PA-10001509,Office Supplies,Paper,"Recycled Desk Saver Line ""While You Were Out"" Book, 5 1/2"" X 4""",62.65,7,0.0,28.819,2014-11
477,CA-2014-144666,2014-11-09,2014-11-11,Second Class,JP-15520,Jeremy Pistek,Consumer,United States,San Francisco,California,94110,West,OFF-PA-10003465,Office Supplies,Paper,Xerox 1912,94.85,5,0.0,45.528,2014-11
478,CA-2016-103891,2016-07-12,2016-07-19,Standard Class,KH-16690,Kristen Hastings,Corporate,United States,Los Angeles,California,90008,West,TEC-PH-10000149,Technology,Phones,Cisco SPA525G2 IP Phone - Wireless,95.76,6,0.2,7.182,2016-07
479,CA-2016-152632,2016-10-27,2016-11-02,Standard Class,JE-15475,Jeremy Ellison,Consumer,United States,Troy,New York,12180,East,FUR-FU-10002671,Furniture,Furnishings,Electrix 20W Halogen Replacement Bulb for Zoom-In Desk Lamp,40.2,3,0.0,19.296,2016-10
480,CA-2016-100790,2016-06-26,2016-07-02,Standard Class,JG-15805,John Grady,Corporate,United States,New York City,New York,10024,East,OFF-AR-10003045,Office Supplies,Art,Prang Colored Pencils,14.7,5,0.0,6.615,2016-06
481,CA-2016-100790,2016-06-26,2016-07-02,Standard Class,JG-15805,John Grady,Corporate,United States,New York City,New York,10024,East,OFF-ST-10000689,Office Supplies,Storage,"Fellowes Strictly Business Drawer File, Letter/Legal Size",704.25,5,0.0,84.51,2016-06
482,CA-2014-134677,2014-10-06,2014-10-10,Standard Class,XP-21865,Xylona Preis,Consumer,United States,San Diego,California,92024,West,TEC-AC-10001445,Technology,Accessories,Imation USB 2.0 Swivel Flash Drive USB flash drive - 4 GB - Pink,9.09,3,0.0,1.9089,2014-10
483,CA-2014-127691,2014-07-22,2014-07-27,Standard Class,EM-14065,Erin Mull,Consumer,United States,New York City,New York,10024,East,OFF-AR-10002053,Office Supplies,Art,"Premium Writing Pencils, Soft, #2 by Central Association for the Blind",5.96,2,0.0,1.6688,2014-07
484,CA-2014-127691,2014-07-22,2014-07-27,Standard Class,EM-14065,Erin Mull,Consumer,United States,New York City,New York,10024,East,TEC-AC-10002567,Technology,Accessories,Logitech G602 Wireless Gaming Mouse,159.98,2,0.0,57.5928,2014-07
485,CA-2017-140963,2017-06-10,2017-06-13,First Class,MT-18070,Michelle Tran,Home Office,United States,Los Angeles,California,90045,West,OFF-LA-10003923,Office Supplies,Labels,Alphabetical Labels for Top Tab Filing,29.6,2,0.0,14.8,2017-06
486,CA-2017-140963,2017-06-10,2017-06-13,First Class,MT-18070,Michelle Tran,Home Office,United States,Los Angeles,California,90045,West,FUR-BO-10001337,Furniture,Bookcases,O'Sullivan Living Dimensions 2-Shelf Bookcases,514.165,5,0.15,-30.245,2017-06
487,CA-2017-140963,2017-06-10,2017-06-13,First Class,MT-18070,Michelle Tran,Home Office,United States,Los Angeles,California,90045,West,TEC-PH-10001924,Technology,Phones,iHome FM Clock Radio with Lightning Dock,279.96,5,0.2,17.4975,2017-06
488,CA-2014-154627,2014-10-29,2014-10-31,First Class,SA-20830,Sue Ann Reed,Consumer,United States,Chicago,Illinois,60610,Central,TEC-PH-10001363,Technology,Phones,Apple iPhone 5S,2735.952,6,0.2,341.994,2014-10
489,CA-2014-133753,2014-06-09,2014-06-13,Second Class,CW-11905,Carl Weiss,Home Office,United States,Huntsville,Texas,77340,Central,TEC-PH-10000376,Technology,Phones,Square Credit Card Reader,7.992,1,0.2,0.5994,2014-06
490,CA-2014-133753,2014-06-09,2014-06-13,Second Class,CW-11905,Carl Weiss,Home Office,United States,Huntsville,Texas,77340,Central,TEC-AC-10000303,Technology,Accessories,Logitech M510 Wireless Mouse,63.984,2,0.2,10.3974,2014-06
491,CA-2014-133753,2014-06-09,2014-06-13,Second Class,CW-11905,Carl Weiss,Home Office,United States,Huntsville,Texas,77340,Central,OFF-AR-10001953,Office Supplies,Art,Boston 1645 Deluxe Heavier-Duty Electric Pencil Sharpener,70.368,2,0.2,6.1572,2014-06
492,CA-2014-113362,2014-09-14,2014-09-19,Standard Class,AJ-10960,Astrea Jones,Consumer,United States,Rochester,New York,14609,East,OFF-ST-10001809,Office Supplies,Storage,Fellowes Officeware Wire Shelving,449.15,5,0.0,8.983,2014-09
493,CA-2014-113362,2014-09-14,2014-09-19,Standard Class,AJ-10960,Astrea Jones,Consumer,United States,Rochester,New York,14609,East,OFF-EN-10003845,Office Supplies,Envelopes,Colored Envelopes,11.07,3,0.0,5.0922,2014-09
494,CA-2016-169166,2016-05-09,2016-05-14,Standard Class,SS-20590,Sonia Sunley,Consumer,United States,Seattle,Washington,98115,West,TEC-AC-10000991,Technology,Accessories,Sony Micro Vault Click 8 GB USB 2.0 Flash Drive,93.98,2,0.0,13.1572,2016-05
495,US-2016-120929,2016-03-18,2016-03-21,Second Class,RO-19780,Rose O'Brian,Consumer,United States,Memphis,Tennessee,38109,South,FUR-TA-10001857,Furniture,Tables,Balt Solid Wood Rectangular Table,189.882,3,0.4,-94.941,2016-03
496,CA-2015-134782,2015-12-27,2015-12-31,Standard Class,MD-17350,Maribeth Dona,Consumer,United States,Fayetteville,Arkansas,72701,South,OFF-EN-10001434,Office Supplies,Envelopes,"Strathmore #10 Envelopes, Ultimate White",105.42,2,0.0,51.6558,2015-12
497,CA-2016-126158,2016-07-25,2016-07-31,Standard Class,SC-20095,Sanjit Chand,Consumer,United States,Costa Mesa,California,92627,West,OFF-BI-10002498,Office Supplies,Binders,Clear Mylar Reinforcing Strips,119.616,8,0.2,40.3704,2016-07
498,CA-2016-126158,2016-07-25,2016-07-31,Standard Class,SC-20095,Sanjit Chand,Consumer,United States,Costa Mesa,California,92627,West,FUR-FU-10004864,Furniture,Furnishings,"Howard Miller 14-1/2"" Diameter Chrome Round Wall Clock",255.76,4,0.0,81.8432,2016-07
499,CA-2016-126158,2016-07-25,2016-07-31,Standard Class,SC-20095,Sanjit Chand,Consumer,United States,Costa Mesa,California,92627,West,FUR-CH-10002602,Furniture,Chairs,DMI Arturo Collection Mission-style Design Wood Chair,241.568,2,0.2,18.1176,2016-07
500,CA-2016-126158,2016-07-25,2016-07-31,Standard Class,SC-20095,Sanjit Chand,Consumer,United States,Costa Mesa,California,92627,West,FUR-FU-10000073,Furniture,Furnishings,Deflect-O Glasstique Clear Desk Accessories,69.3,9,0.0,22.869,2016-07
501,US-2016-105578,2016-05-30,2016-06-04,Standard Class,MY-17380,Maribeth Yedwab,Corporate,United States,Parker,Colorado,80134,West,OFF-BI-10001670,Office Supplies,Binders,Vinyl Sectional Post Binders,22.62,2,0.7,-15.08,2016-05
502,US-2016-105578,2016-05-30,2016-06-04,Standard Class,MY-17380,Maribeth Yedwab,Corporate,United States,Parker,Colorado,80134,West,OFF-BI-10001658,Office Supplies,Binders,GBC Standard Therm-A-Bind Covers,14.952,2,0.7,-11.9616,2016-05
503,US-2016-105578,2016-05-30,2016-06-04,Standard Class,MY-17380,Maribeth Yedwab,Corporate,United States,Parker,Colorado,80134,West,FUR-CH-10001215,Furniture,Chairs,Global Troy Executive Leather Low-Back Tilter,801.568,2,0.2,50.098,2016-05
504,US-2016-105578,2016-05-30,2016-06-04,Standard Class,MY-17380,Maribeth Yedwab,Corporate,United States,Parker,Colorado,80134,West,OFF-BI-10000831,Office Supplies,Binders,Storex Flexible Poly Binders with Double Pockets,2.376,3,0.7,-1.9008,2016-05
505,US-2016-105578,2016-05-30,2016-06-04,Standard Class,MY-17380,Maribeth Yedwab,Corporate,United States,Parker,Colorado,80134,West,OFF-PA-10000357,Office Supplies,Paper,"White Dual Perf Computer Printout Paper, 2700 Sheets, 1 Part, Heavyweight, 20 lbs., 14 7/8 x 11",32.792,1,0.2,11.8871,2016-05
506,CA-2017-134978,2017-11-12,2017-11-15,Second Class,EB-13705,Ed Braxton,Corporate,United States,New York City,New York,10024,East,OFF-BI-10003274,Office Supplies,Binders,"Avery Durable Slant Ring Binders, No Labels",15.92,5,0.2,5.373,2017-11
507,CA-2015-145352,2015-03-16,2015-03-22,Standard Class,CM-12385,Christopher Martinez,Consumer,United States,Atlanta,Georgia,30318,South,OFF-AR-10001662,Office Supplies,Art,Rogers Handheld Barrel Pencil Sharpener,2.74,1,0.0,0.7398,2015-03
508,CA-2015-145352,2015-03-16,2015-03-22,Standard Class,CM-12385,Christopher Martinez,Consumer,United States,Atlanta,Georgia,30318,South,OFF-AR-10003856,Office Supplies,Art,Newell 344,8.34,3,0.0,2.1684,2015-03
509,CA-2015-145352,2015-03-16,2015-03-22,Standard Class,CM-12385,Christopher Martinez,Consumer,United States,Atlanta,Georgia,30318,South,OFF-ST-10001228,Office Supplies,Storage,Personal File Boxes with Fold-Down Carry Handle,46.74,3,0.0,11.685,2015-03
510,CA-2015-145352,2015-03-16,2015-03-22,Standard Class,CM-12385,Christopher Martinez,Consumer,United States,Atlanta,Georgia,30318,South,OFF-BI-10003527,Office Supplies,Binders,Fellowes PB500 Electric Punch Plastic Comb Binding Machine with Manual Bind,6354.95,5,0.0,3177.475,2015-03
511,CA-2017-135307,2017-11-26,2017-11-27,First Class,LS-17245,Lynn Smith,Consumer,United States,Gladstone,Missouri,64118,Central,FUR-FU-10001290,Furniture,Furnishings,Executive Impressions Supervisor Wall Clock,126.3,3,0.0,40.416,2017-11
512,CA-2017-135307,2017-11-26,2017-11-27,First Class,LS-17245,Lynn Smith,Consumer,United States,Gladstone,Missouri,64118,Central,TEC-AC-10002399,Technology,Accessories,SanDisk Cruzer 32 GB USB Flash Drive,38.04,2,0.0,12.1728,2017-11
513,CA-2016-106341,2016-10-20,2016-10-23,First Class,LF-17185,Luke Foster,Consumer,United States,Newark,Ohio,43055,East,OFF-AR-10002053,Office Supplies,Art,"Premium Writing Pencils, Soft, #2 by Central Association for the Blind",7.152,3,0.2,0.7152,2016-10
514,CA-2017-163405,2017-12-21,2017-12-25,Standard Class,BN-11515,Bradley Nguyen,Consumer,United States,Los Angeles,California,90049,West,OFF-AR-10003811,Office Supplies,Art,Newell 327,6.63,3,0.0,1.7901,2017-12
515,CA-2017-163405,2017-12-21,2017-12-25,Standard Class,BN-11515,Bradley Nguyen,Consumer,United States,Los Angeles,California,90049,West,OFF-AR-10001246,Office Supplies,Art,Newell 317,5.88,2,0.0,1.7052,2017-12
516,CA-2017-127432,2017-01-22,2017-01-27,Standard Class,AD-10180,Alan Dominguez,Home Office,United States,Great Falls,Montana,59405,West,TEC-CO-10003236,Technology,Copiers,Canon Image Class D660 Copier,2999.95,5,0.0,1379.977,2017-01
517,CA-2017-127432,2017-01-22,2017-01-27,Standard Class,AD-10180,Alan Dominguez,Home Office,United States,Great Falls,Montana,59405,West,OFF-ST-10004507,Office Supplies,Storage,Advantus Rolling Storage Box,51.45,3,0.0,13.8915,2017-01
518,CA-2017-127432,2017-01-22,2017-01-27,Standard Class,AD-10180,Alan Dominguez,Home Office,United States,Great Falls,Montana,59405,West,OFF-PA-10001667,Office Supplies,Paper,Great White Multi-Use Recycled Paper (20Lb. and 84 Bright),11.96,2,0.0,5.382,2017-01
519,CA-2017-127432,2017-01-22,2017-01-27,Standard Class,AD-10180,Alan Dominguez,Home Office,United States,Great Falls,Montana,59405,West,OFF-ST-10004459,Office Supplies,Storage,Tennsco Single-Tier Lockers,1126.02,3,0.0,56.301,2017-01
520,CA-2015-157812,2015-03-22,2015-03-26,Standard Class,DB-13210,Dean Braden,Consumer,United States,Houston,Texas,77041,Central,TEC-AC-10000171,Technology,Accessories,"Verbatim 25 GB 6x Blu-ray Single Layer Recordable Disc, 25/Pack",18.392,1,0.2,5.2877,2015-03
521,CA-2015-157812,2015-03-22,2015-03-26,Standard Class,DB-13210,Dean Braden,Consumer,United States,Houston,Texas,77041,Central,OFF-ST-10000736,Office Supplies,Storage,Carina Double Wide Media Storage Towers in Natural & Black,129.568,2,0.2,-25.9136,2015-03
522,CA-2015-157812,2015-03-22,2015-03-26,Standard Class,DB-13210,Dean Braden,Consumer,United States,Houston,Texas,77041,Central,OFF-BI-10000285,Office Supplies,Binders,XtraLife ClearVue Slant-D Ring Binders by Cardinal,14.112,9,0.8,-21.168,2015-03
523,CA-2017-145142,2017-01-23,2017-01-25,First Class,MC-17605,Matt Connell,Corporate,United States,Detroit,Michigan,48234,Central,FUR-TA-10001857,Furniture,Tables,Balt Solid Wood Rectangular Table,210.98,2,0.0,21.098,2017-01
524,US-2016-139486,2016-05-21,2016-05-23,First Class,LH-17155,Logan Haushalter,Consumer,United States,Los Angeles,California,90032,West,TEC-PH-10003555,Technology,Phones,Motorola HK250 Universal Bluetooth Headset,55.176,3,0.2,-12.4146,2016-05
525,US-2016-139486,2016-05-21,2016-05-23,First Class,LH-17155,Logan Haushalter,Consumer,United States,Los Angeles,California,90032,West,TEC-AC-10003832,Technology,Accessories,Imation 16GB Mini TravelDrive USB 2.0 Flash Drive,66.26,2,0.0,27.1666,2016-05
526,CA-2015-158792,2015-12-26,2016-01-02,Standard Class,BD-11605,Brian Dahlen,Consumer,United States,Lawrence,Massachusetts,1841,East,OFF-FA-10002815,Office Supplies,Fasteners,Staples,22.2,5,0.0,10.434,2015-12
527,CA-2017-113558,2017-10-21,2017-10-26,Standard Class,PH-18790,Patricia Hirasaki,Home Office,United States,Lakeland,Florida,33801,South,FUR-CH-10003379,Furniture,Chairs,Global Commerce Series High-Back Swivel/Tilt Chairs,683.952,3,0.2,42.747,2017-10
528,CA-2017-113558,2017-10-21,2017-10-26,Standard Class,PH-18790,Patricia Hirasaki,Home Office,United States,Lakeland,Florida,33801,South,FUR-FU-10001756,Furniture,Furnishings,"Eldon Expressions Desk Accessory, Wood Photo Frame, Mahogany",45.696,3,0.2,5.1408,2017-10
529,US-2015-138303,2015-09-03,2015-09-07,Standard Class,MG-18145,Mike Gockenbach,Consumer,United States,Philadelphia,Pennsylvania,19134,East,OFF-ST-10004963,Office Supplies,Storage,Eldon Gobal File Keepers,36.336,3,0.2,-7.2672,2015-09
530,US-2015-138303,2015-09-03,2015-09-07,Standard Class,MG-18145,Mike Gockenbach,Consumer,United States,Philadelphia,Pennsylvania,19134,East,OFF-SU-10002881,Office Supplies,Supplies,Martin Yale Chadless Opener Electric Letter Opener,666.248,1,0.2,-149.9058,2015-09
531,US-2015-138303,2015-09-03,2015-09-07,Standard Class,MG-18145,Mike Gockenbach,Consumer,United States,Philadelphia,Pennsylvania,19134,East,OFF-EN-10001335,Office Supplies,Envelopes,"White Business Envelopes with Contemporary Seam, Recycled White Business Envelopes",52.512,6,0.2,19.692,2015-09
532,CA-2015-102848,2015-11-07,2015-11-09,Second Class,KB-16240,Karen Bern,Corporate,United States,Los Angeles,California,90036,West,FUR-CH-10000595,Furniture,Chairs,Safco Contoured Stacking Chairs,190.72,1,0.2,11.92,2015-11
533,US-2017-129441,2017-09-07,2017-09-11,Standard Class,JC-15340,Jasper Cacioppo,Consumer,United States,Los Angeles,California,90032,West,FUR-FU-10000448,Furniture,Furnishings,Tenex Chairmats For Use With Carpeted Floors,47.94,3,0.0,2.397,2017-09
534,CA-2016-168753,2016-05-29,2016-06-01,Second Class,RL-19615,Rob Lucas,Consumer,United States,Montgomery,Alabama,36116,South,TEC-PH-10000984,Technology,Phones,Panasonic KX-TG9471B,979.95,5,0.0,274.386,2016-05
535,CA-2016-168753,2016-05-29,2016-06-01,Second Class,RL-19615,Rob Lucas,Consumer,United States,Montgomery,Alabama,36116,South,OFF-BI-10002557,Office Supplies,Binders,Presstex Flexible Ring Binders,22.75,5,0.0,11.375,2016-05
536,CA-2016-126613,2016-07-10,2016-07-16,Standard Class,AA-10375,Allen Armold,Consumer,United States,Mesa,Arizona,85204,West,OFF-ST-10001325,Office Supplies,Storage,Sterilite Officeware Hinged File Box,16.768,2,0.2,1.4672,2016-07
537,US-2017-122637,2017-09-03,2017-09-08,Second Class,EP-13915,Emily Phan,Consumer,United States,Chicago,Illinois,60653,Central,OFF-BI-10002429,Office Supplies,Binders,"Premier Elliptical Ring Binder, Black",42.616,7,0.8,-68.1856,2017-09
538,CA-2015-147851,2015-12-03,2015-12-08,Standard Class,MP-17470,Mark Packer,Home Office,United States,New York City,New York,10009,East,OFF-BI-10004528,Office Supplies,Binders,Cardinal Poly Pocket Divider Pockets for Ring Binders,10.752,4,0.2,3.36,2015-12
539,CA-2015-134894,2015-12-07,2015-12-11,Standard Class,DK-12985,Darren Koutras,Consumer,United States,Henderson,Kentucky,42420,South,OFF-AP-10001271,Office Supplies,Appliances,Eureka The Boss Cordless Rechargeable Stick Vac,152.94,3,0.0,41.2938,2015-12
540,CA-2015-134894,2015-12-07,2015-12-11,Standard Class,DK-12985,Darren Koutras,Consumer,United States,Henderson,Kentucky,42420,South,FUR-CH-10002647,Furniture,Chairs,"Situations Contoured Folding Chairs, 4/Set",283.92,4,0.0,70.98,2015-12
541,CA-2014-140795,2014-02-01,2014-02-03,First Class,BD-11500,Bradley Drucker,Consumer,United States,Green Bay,Wisconsin,54302,Central,TEC-AC-10001432,Technology,Accessories,Enermax Aurora Lite Keyboard,468.9,6,0.0,206.316,2014-02
542,CA-2016-136924,2016-07-14,2016-07-17,First Class,ES-14080,Erin Smith,Corporate,United States,Tucson,Arizona,85705,West,TEC-PH-10002262,Technology,Phones,LG Electronics Tone+ HBS-730 Bluetooth Headset,380.864,8,0.2,38.0864,2016-07
543,US-2015-120161,2015-12-18,2015-12-23,Standard Class,LM-17065,Liz MacKendrick,Consumer,United States,Springfield,Ohio,45503,East,OFF-ST-10001809,Office Supplies,Storage,Fellowes Officeware Wire Shelving,646.776,9,0.2,-145.5246,2015-12
544,CA-2014-103849,2014-05-11,2014-05-16,Standard Class,PG-18895,Paul Gonzalez,Consumer,United States,Fort Worth,Texas,76106,Central,TEC-AC-10001465,Technology,Accessories,SanDisk Cruzer 64 GB USB Flash Drive,58.112,2,0.2,7.264,2014-05
545,CA-2014-103849,2014-05-11,2014-05-16,Standard Class,PG-18895,Paul Gonzalez,Consumer,United States,Fort Worth,Texas,76106,Central,TEC-PH-10002597,Technology,Phones,Xblue XB-1670-86 X16 Small Office Telephone - Titanium,100.792,1,0.2,6.2995,2014-05
546,CA-2014-103849,2014-05-11,2014-05-16,Standard Class,PG-18895,Paul Gonzalez,Consumer,United States,Fort Worth,Texas,76106,Central,FUR-FU-10000723,Furniture,Furnishings,"Deflect-o EconoMat Studded, No Bevel Mat for Low Pile Carpeting",66.112,4,0.6,-84.2928,2014-05
547,CA-2017-162929,2017-11-19,2017-11-22,First Class,AS-10135,Adrian Shami,Home Office,United States,New York City,New York,10035,East,OFF-BI-10000404,Office Supplies,Binders,Avery Printable Repositionable Plastic Tabs,41.28,6,0.2,13.932,2017-11
548,CA-2017-162929,2017-11-19,2017-11-22,First Class,AS-10135,Adrian Shami,Home Office,United States,New York City,New York,10035,East,OFF-PA-10002986,Office Supplies,Paper,Xerox 1898,13.36,2,0.0,6.4128,2017-11
549,CA-2015-113173,2015-11-15,2015-11-17,Second Class,DK-13225,Dean Katz,Corporate,United States,Chicago,Illinois,60653,Central,OFF-ST-10000604,Office Supplies,Storage,Home/Office Personal File Carts,250.272,9,0.2,15.642,2015-11
550,CA-2015-113173,2015-11-15,2015-11-17,Second Class,DK-13225,Dean Katz,Corporate,United States,Chicago,Illinois,60653,Central,OFF-BI-10004738,Office Supplies,Binders,Flexible Leather- Look Classic Collection Ring Binder,11.364,3,0.8,-17.046,2015-11
551,CA-2015-113173,2015-11-15,2015-11-17,Second Class,DK-13225,Dean Katz,Corporate,United States,Chicago,Illinois,60653,Central,OFF-SU-10001935,Office Supplies,Supplies,Staple remover,8.72,5,0.2,-1.744,2015-11
552,CA-2016-136406,2016-04-15,2016-04-17,Second Class,BD-11320,Bill Donatelli,Consumer,United States,San Francisco,California,94110,West,FUR-CH-10002024,Furniture,Chairs,HON 5400 Series Task Chairs for Big and Tall,1121.568,2,0.2,0.0,2016-04
553,CA-2017-112774,2017-09-11,2017-09-12,First Class,RC-19960,Ryan Crowe,Consumer,United States,Jacksonville,Florida,32216,South,FUR-FU-10003039,Furniture,Furnishings,"Howard Miller 11-1/2"" Diameter Grantwood Wall Clock",34.504,1,0.2,6.0382,2017-09
554,CA-2017-101945,2017-11-24,2017-11-28,Standard Class,GT-14710,Greg Tran,Consumer,United States,Houston,Texas,77070,Central,OFF-FA-10004248,Office Supplies,Fasteners,Advantus T-Pin Paper Clips,10.824,3,0.2,2.5707,2017-11
555,CA-2017-100650,2017-06-29,2017-07-03,Second Class,DK-13225,Dean Katz,Corporate,United States,Anaheim,California,92804,West,OFF-ST-10001780,Office Supplies,Storage,Tennsco 16-Compartment Lockers with Coat Rack,1295.78,2,0.0,310.9872,2017-06
556,CA-2014-155852,2014-03-03,2014-03-07,Second Class,AJ-10945,Ashley Jarboe,Consumer,United States,Wilmington,North Carolina,28403,South,OFF-AR-10003560,Office Supplies,Art,Zebra Zazzle Fluorescent Highlighters,19.456,4,0.2,3.4048,2014-03
557,CA-2016-113243,2016-06-10,2016-06-15,Standard Class,OT-18730,Olvera Toch,Consumer,United States,Los Angeles,California,90045,West,OFF-LA-10001297,Office Supplies,Labels,Avery 473,20.7,2,0.0,9.936,2016-06
558,CA-2016-113243,2016-06-10,2016-06-15,Standard Class,OT-18730,Olvera Toch,Consumer,United States,Los Angeles,California,90045,West,FUR-TA-10004256,Furniture,Tables,Bretford Just In Time Height-Adjustable Multi-Task Work Tables,1335.68,4,0.2,-217.048,2016-06
559,CA-2016-113243,2016-06-10,2016-06-15,Standard Class,OT-18730,Olvera Toch,Consumer,United States,Los Angeles,California,90045,West,OFF-PA-10003441,Office Supplies,Paper,Xerox 226,32.4,5,0.0,15.552,2016-06
560,CA-2017-118731,2017-11-20,2017-11-22,Second Class,LP-17080,Liz Pelletier,Consumer,United States,San Francisco,California,94110,West,FUR-FU-10003347,Furniture,Furnishings,Coloredge Poster Frame,42.6,3,0.0,16.614,2017-11
561,CA-2017-118731,2017-11-20,2017-11-22,Second Class,LP-17080,Liz Pelletier,Consumer,United States,San Francisco,California,94110,West,OFF-BI-10000069,Office Supplies,Binders,"GBC Prepunched Paper, 19-Hole, for Binding Systems, 24-lb",84.056,7,0.2,27.3182,2017-11
562,CA-2014-145576,2014-09-14,2014-09-18,Second Class,CA-12775,Cynthia Arntzen,Consumer,United States,Tampa,Florida,33614,South,OFF-AP-10003914,Office Supplies,Appliances,"Sanitaire Vibra Groomer IR Commercial Upright Vacuum, Replacement Belts",13.0,5,0.2,1.3,2014-09
563,CA-2014-145576,2014-09-14,2014-09-18,Second Class,CA-12775,Cynthia Arntzen,Consumer,United States,Tampa,Florida,33614,South,FUR-FU-10004020,Furniture,Furnishings,Advantus Panel Wall Acrylic Frame,13.128,3,0.2,3.7743,2014-09
564,CA-2015-130736,2015-12-07,2015-12-09,First Class,JF-15490,Jeremy Farry,Consumer,United States,Seattle,Washington,98105,West,OFF-FA-10003467,Office Supplies,Fasteners,"Alliance Big Bands Rubber Bands, 12/Pack",3.96,2,0.0,0.0,2015-12
565,CA-2015-130736,2015-12-07,2015-12-09,First Class,JF-15490,Jeremy Farry,Consumer,United States,Seattle,Washington,98105,West,OFF-LA-10000634,Office Supplies,Labels,Avery 509,2.61,1,0.0,1.2006,2015-12
566,CA-2017-137099,2017-12-07,2017-12-10,First Class,FP-14320,Frank Preis,Consumer,United States,Los Angeles,California,90008,West,TEC-PH-10002496,Technology,Phones,Cisco SPA301,374.376,3,0.2,46.797,2017-12
567,CA-2017-156951,2017-10-01,2017-10-08,Standard Class,EB-13840,Ellis Ballard,Corporate,United States,Seattle,Washington,98105,West,OFF-PA-10004530,Office Supplies,Paper,Personal Creations Ink Jet Cards and Labels,91.84,8,0.0,45.0016,2017-10
568,CA-2017-156951,2017-10-01,2017-10-08,Standard Class,EB-13840,Ellis Ballard,Corporate,United States,Seattle,Washington,98105,West,OFF-BI-10001107,Office Supplies,Binders,"GBC White Gloss Covers, Plain Front",81.088,7,0.2,27.3672,2017-10
569,CA-2017-156951,2017-10-01,2017-10-08,Standard Class,EB-13840,Ellis Ballard,Corporate,United States,Seattle,Washington,98105,West,OFF-PA-10004451,Office Supplies,Paper,Xerox 222,19.44,3,0.0,9.3312,2017-10
570,CA-2017-156951,2017-10-01,2017-10-08,Standard Class,EB-13840,Ellis Ballard,Corporate,United States,Seattle,Washington,98105,West,FUR-CH-10004997,Furniture,Chairs,Hon Every-Day Series Multi-Task Chairs,451.152,3,0.2,0.0,2017-10
571,CA-2017-164826,2017-12-28,2018-01-04,Standard Class,JF-15415,Jennifer Ferguson,Consumer,United States,New York City,New York,10024,East,OFF-LA-10001297,Office Supplies,Labels,Avery 473,72.45,7,0.0,34.776,2017-12
572,CA-2017-164826,2017-12-28,2018-01-04,Standard Class,JF-15415,Jennifer Ferguson,Consumer,United States,New York City,New York,10024,East,OFF-FA-10000585,Office Supplies,Fasteners,OIC Bulk Pack Metal Binder Clips,13.96,4,0.0,6.4216,2017-12
573,CA-2017-164826,2017-12-28,2018-01-04,Standard Class,JF-15415,Jennifer Ferguson,Consumer,United States,New York City,New York,10024,East,OFF-BI-10001922,Office Supplies,Binders,Storex Dura Pro Binders,33.264,7,0.2,11.2266,2017-12
574,CA-2017-164826,2017-12-28,2018-01-04,Standard Class,JF-15415,Jennifer Ferguson,Consumer,United States,New York City,New York,10024,East,TEC-PH-10000347,Technology,Phones,Cush Cases Heavy Duty Rugged Cover Case for Samsung Galaxy S5 - Purple,14.85,3,0.0,4.0095,2017-12
575,CA-2016-127250,2016-11-03,2016-11-07,Standard Class,SF-20200,Sarah Foster,Consumer,United States,Marysville,Washington,98270,West,OFF-AR-10003394,Office Supplies,Art,Newell 332,8.82,3,0.0,2.3814,2016-11
576,CA-2015-149713,2015-09-18,2015-09-22,Second Class,TG-21640,Trudy Glocke,Consumer,United States,Long Beach,California,90805,West,OFF-PA-10004530,Office Supplies,Paper,Personal Creations Ink Jet Cards and Labels,160.72,14,0.0,78.7528,2015-09
577,CA-2015-149713,2015-09-18,2015-09-22,Second Class,TG-21640,Trudy Glocke,Consumer,United States,Long Beach,California,90805,West,OFF-PA-10001450,Office Supplies,Paper,Rediform S.O.S. Phone Message Books,19.92,4,0.0,9.7608,2015-09
578,CA-2015-149713,2015-09-18,2015-09-22,Second Class,TG-21640,Trudy Glocke,Consumer,United States,Long Beach,California,90805,West,OFF-SU-10001574,Office Supplies,Supplies,Acme Value Line Scissors,7.3,2,0.0,2.19,2015-09
579,CA-2017-118640,2017-07-20,2017-07-26,Standard Class,CS-11950,Carlos Soltero,Consumer,United States,Chicago,Illinois,60610,Central,OFF-ST-10002974,Office Supplies,Storage,"Trav-L-File Heavy-Duty Shuttle II, Black",69.712,2,0.2,8.714,2017-07
580,CA-2017-118640,2017-07-20,2017-07-26,Standard Class,CS-11950,Carlos Soltero,Consumer,United States,Chicago,Illinois,60610,Central,FUR-FU-10001475,Furniture,Furnishings,"Contract Clock, 14"", Brown",8.792,1,0.6,-5.7148,2017-07
581,CA-2015-132906,2015-09-10,2015-09-14,Standard Class,CC-12145,Charles Crestani,Consumer,United States,Los Angeles,California,90004,West,OFF-SU-10004498,Office Supplies,Supplies,Martin-Yale Premier Letter Opener,51.52,4,0.0,1.5456,2015-09
582,CA-2017-145233,2017-12-01,2017-12-05,Standard Class,DV-13465,Dianna Vittorini,Consumer,United States,Denver,Colorado,80219,West,TEC-PH-10004977,Technology,Phones,GE 30524EE4,470.376,3,0.2,52.9173,2017-12
583,CA-2017-145233,2017-12-01,2017-12-05,Standard Class,DV-13465,Dianna Vittorini,Consumer,United States,Denver,Colorado,80219,West,TEC-PH-10000586,Technology,Phones,AT&T SB67148 SynJ,105.584,2,0.2,9.2386,2017-12
584,CA-2017-145233,2017-12-01,2017-12-05,Standard Class,DV-13465,Dianna Vittorini,Consumer,United States,Denver,Colorado,80219,West,OFF-AP-10000358,Office Supplies,Appliances,Fellowes Basic Home/Office Series Surge Protectors,31.152,3,0.2,3.5046,2017-12
585,CA-2017-145233,2017-12-01,2017-12-05,Standard Class,DV-13465,Dianna Vittorini,Consumer,United States,Denver,Colorado,80219,West,OFF-BI-10002764,Office Supplies,Binders,Recycled Pressboard Report Cover with Reinforced Top Hinge,6.783,7,0.7,-4.7481,2017-12
586,CA-2017-145233,2017-12-01,2017-12-05,Standard Class,DV-13465,Dianna Vittorini,Consumer,United States,Denver,Colorado,80219,West,TEC-PH-10001254,Technology,Phones,Jabra BIZ 2300 Duo QD Duo Corded Headset,406.368,4,0.2,30.4776,2017-12
587,CA-2015-128139,2015-07-03,2015-07-09,Standard Class,BD-11725,Bruce Degenhardt,Consumer,United States,Richmond,Kentucky,40475,South,FUR-CH-10003956,Furniture,Chairs,Novimex High-Tech Fabric Mesh Task Chair,70.98,1,0.0,4.9686,2015-07
588,CA-2015-128139,2015-07-03,2015-07-09,Standard Class,BD-11725,Bruce Degenhardt,Consumer,United States,Richmond,Kentucky,40475,South,OFF-LA-10003930,Office Supplies,Labels,"Dot Matrix Printer Tape Reel Labels, White, 5000/Box",294.93,3,0.0,144.5157,2015-07
589,US-2016-156986,2016-03-20,2016-03-24,Standard Class,ZC-21910,Zuschuss Carroll,Consumer,United States,Salem,Oregon,97301,West,TEC-PH-10003800,Technology,Phones,i.Sound Portable Power - 8000 mAh,84.784,2,0.2,-20.1362,2016-03
590,US-2016-156986,2016-03-20,2016-03-24,Standard Class,ZC-21910,Zuschuss Carroll,Consumer,United States,Salem,Oregon,97301,West,OFF-PA-10002005,Office Supplies,Paper,Xerox 225,20.736,4,0.2,7.2576,2016-03
591,US-2016-156986,2016-03-20,2016-03-24,Standard Class,ZC-21910,Zuschuss Carroll,Consumer,United States,Salem,Oregon,97301,West,OFF-BI-10002498,Office Supplies,Binders,Clear Mylar Reinforcing Strips,16.821,3,0.7,-12.8961,2016-03
592,US-2016-156986,2016-03-20,2016-03-24,Standard Class,ZC-21910,Zuschuss Carroll,Consumer,United States,Salem,Oregon,97301,West,OFF-PA-10004101,Office Supplies,Paper,Xerox 1894,10.368,2,0.2,3.6288,2016-03
593,CA-2014-135405,2014-01-09,2014-01-13,Standard Class,MS-17830,Melanie Seite,Consumer,United States,Laredo,Texas,78041,Central,OFF-AR-10004078,Office Supplies,Art,Newell 312,9.344,2,0.2,1.168,2014-01
594,CA-2014-135405,2014-01-09,2014-01-13,Standard Class,MS-17830,Melanie Seite,Consumer,United States,Laredo,Texas,78041,Central,TEC-AC-10001266,Technology,Accessories,Memorex Micro Travel Drive 8 GB,31.2,3,0.2,9.75,2014-01
595,CA-2014-131450,2014-08-08,2014-08-15,Standard Class,LR-16915,Lena Radford,Consumer,United States,San Diego,California,92024,West,OFF-AP-10004708,Office Supplies,Appliances,Fellowes Superior 10 Outlet Split Surge Protector,76.12,2,0.0,22.0748,2014-08
596,CA-2014-131450,2014-08-08,2014-08-15,Standard Class,LR-16915,Lena Radford,Consumer,United States,San Diego,California,92024,West,TEC-CO-10004115,Technology,Copiers,Sharp AL-1530CS Digital Copier,1199.976,3,0.2,434.9913,2014-08
597,CA-2014-131450,2014-08-08,2014-08-15,Standard Class,LR-16915,Lena Radford,Consumer,United States,San Diego,California,92024,West,TEC-PH-10002398,Technology,Phones,AT&T 1070 Corded Phone,445.96,5,0.2,55.745,2014-08
598,CA-2014-131450,2014-08-08,2014-08-15,Standard Class,LR-16915,Lena Radford,Consumer,United States,San Diego,California,92024,West,FUR-FU-10001979,Furniture,Furnishings,Dana Halogen Swing-Arm Architect Lamp,327.76,8,0.0,91.7728,2014-08
599,CA-2016-120180,2016-07-14,2016-07-16,First Class,TP-21130,Theone Pippenger,Consumer,United States,Philadelphia,Pennsylvania,19134,East,OFF-SU-10004115,Office Supplies,Supplies,Acme Stainless Steel Office Snips,11.632,2,0.2,1.0178,2016-07
600,US-2016-100720,2016-07-16,2016-07-21,Standard Class,CK-12205,Chloris Kastensmidt,Consumer,United States,Philadelphia,Pennsylvania,19120,East,TEC-PH-10001425,Technology,Phones,Mophie Juice Pack Helium for iPhone,143.982,3,0.4,-28.7964,2016-07
601,US-2016-100720,2016-07-16,2016-07-21,Standard Class,CK-12205,Chloris Kastensmidt,Consumer,United States,Philadelphia,Pennsylvania,19120,East,TEC-PH-10003963,Technology,Phones,GE 2-Jack Phone Line Splitter,494.376,4,0.4,-115.3544,2016-07
602,US-2016-100720,2016-07-16,2016-07-21,Standard Class,CK-12205,Chloris Kastensmidt,Consumer,United States,Philadelphia,Pennsylvania,19120,East,OFF-SU-10001574,Office Supplies,Supplies,Acme Value Line Scissors,5.84,2,0.2,0.73,2016-07
603,CA-2014-149958,2014-03-15,2014-03-19,Standard Class,AS-10240,Alan Shonely,Consumer,United States,Tampa,Florida,33614,South,OFF-ST-10001490,Office Supplies,Storage,"Hot File 7-Pocket, Floor Stand",142.776,1,0.2,17.847,2014-03
604,CA-2014-149958,2014-03-15,2014-03-19,Standard Class,AS-10240,Alan Shonely,Consumer,United States,Tampa,Florida,33614,South,FUR-FU-10001756,Furniture,Furnishings,"Eldon Expressions Desk Accessory, Wood Photo Frame, Mahogany",45.696,3,0.2,5.1408,2014-03
605,CA-2014-149958,2014-03-15,2014-03-19,Standard Class,AS-10240,Alan Shonely,Consumer,United States,Tampa,Florida,33614,South,OFF-BI-10000773,Office Supplies,Binders,Insertable Tab Post Binder Dividers,7.218,3,0.7,-5.5338,2014-03
606,CA-2014-149958,2014-03-15,2014-03-19,Standard Class,AS-10240,Alan Shonely,Consumer,United States,Tampa,Florida,33614,South,OFF-BI-10001543,Office Supplies,Binders,GBC VeloBinder Manual Binding System,43.188,4,0.7,-31.6712,2014-03
607,CA-2014-149958,2014-03-15,2014-03-19,Standard Class,AS-10240,Alan Shonely,Consumer,United States,Tampa,Florida,33614,South,OFF-PA-10002120,Office Supplies,Paper,Xerox 1889,131.904,3,0.2,47.8152,2014-03
608,US-2014-105767,2014-05-23,2014-05-27,Standard Class,AR-10510,Andrew Roberts,Consumer,United States,Philadelphia,Pennsylvania,19134,East,OFF-BI-10000848,Office Supplies,Binders,Angle-D Ring Binders,3.282,2,0.7,-2.6256,2014-05
609,US-2014-105767,2014-05-23,2014-05-27,Standard Class,AR-10510,Andrew Roberts,Consumer,United States,Philadelphia,Pennsylvania,19134,East,OFF-AR-10001246,Office Supplies,Art,Newell 317,21.168,9,0.2,2.3814,2014-05
610,US-2014-105767,2014-05-23,2014-05-27,Standard Class,AR-10510,Andrew Roberts,Consumer,United States,Philadelphia,Pennsylvania,19134,East,TEC-PH-10003092,Technology,Phones,Motorola L804,55.188,2,0.4,-10.1178,2014-05
611,CA-2016-161816,2016-04-28,2016-05-01,First Class,NB-18655,Nona Balk,Corporate,United States,Dallas,Texas,75217,Central,TEC-PH-10003012,Technology,Phones,Nortel Meridian M3904 Professional Digital phone,369.576,3,0.2,41.5773,2016-04
612,CA-2016-161816,2016-04-28,2016-05-01,First Class,NB-18655,Nona Balk,Corporate,United States,Dallas,Texas,75217,Central,OFF-LA-10004345,Office Supplies,Labels,Avery 493,15.712,4,0.2,5.6956,2016-04
613,CA-2016-121223,2016-09-11,2016-09-13,Second Class,GD-14590,Giulietta Dortch,Corporate,United States,Philadelphia,Pennsylvania,19143,East,OFF-PA-10001204,Office Supplies,Paper,Xerox 1972,8.448,2,0.2,2.64,2016-09
614,CA-2016-121223,2016-09-11,2016-09-13,Second Class,GD-14590,Giulietta Dortch,Corporate,United States,Philadelphia,Pennsylvania,19143,East,TEC-PH-10004667,Technology,Phones,Cisco 8x8 Inc. 6753i IP Business Phone System,728.946,9,0.4,-157.9383,2016-09
615,CA-2017-138611,2017-11-14,2017-11-17,Second Class,CK-12595,Clytie Kelty,Consumer,United States,Grove City,Ohio,43123,East,TEC-PH-10000011,Technology,Phones,PureGear Roll-On Screen Protector,119.94,10,0.4,15.992,2017-11
616,CA-2017-138611,2017-11-14,2017-11-17,Second Class,CK-12595,Clytie Kelty,Consumer,United States,Grove City,Ohio,43123,East,OFF-BI-10002949,Office Supplies,Binders,Prestige Round Ring Binders,3.648,2,0.7,-2.7968,2017-11
617,CA-2017-117947,2017-08-18,2017-08-23,Second Class,NG-18355,Nat Gilpin,Corporate,United States,New York City,New York,10011,East,FUR-FU-10003849,Furniture,Furnishings,"DAX Metal Frame, Desktop, Stepped-Edge",40.48,2,0.0,15.7872,2017-08
618,CA-2017-117947,2017-08-18,2017-08-23,Second Class,NG-18355,Nat Gilpin,Corporate,United States,New York City,New York,10011,East,FUR-FU-10000010,Furniture,Furnishings,"DAX Value U-Channel Document Frames, Easel Back",9.94,2,0.0,3.0814,2017-08
619,CA-2017-117947,2017-08-18,2017-08-23,Second Class,NG-18355,Nat Gilpin,Corporate,United States,New York City,New York,10011,East,OFF-BI-10002824,Office Supplies,Binders,Recycled Easel Ring Binders,107.424,9,0.2,33.57,2017-08
620,CA-2017-117947,2017-08-18,2017-08-23,Second Class,NG-18355,Nat Gilpin,Corporate,United States,New York City,New York,10011,East,TEC-PH-10002538,Technology,Phones,Grandstream GXP1160 VoIP phone,37.91,1,0.0,10.9939,2017-08
621,CA-2017-117947,2017-08-18,2017-08-23,Second Class,NG-18355,Nat Gilpin,Corporate,United States,New York City,New York,10011,East,FUR-FU-10000521,Furniture,Furnishings,"Seth Thomas 14"" Putty-Colored Wall Clock",88.02,3,0.0,27.2862,2017-08
622,US-2014-111171,2014-12-26,2014-12-31,Standard Class,CA-12265,Christina Anderson,Consumer,United States,Chicago,Illinois,60610,Central,OFF-BI-10002103,Office Supplies,Binders,"Cardinal Slant-D Ring Binder, Heavy Gauge Vinyl",8.69,5,0.8,-14.773,2014-12
623,CA-2015-138009,2015-11-29,2015-12-03,Standard Class,SF-20965,Sylvia Foulston,Corporate,United States,Dearborn,Michigan,48126,Central,FUR-CH-10004853,Furniture,Chairs,"Global Manager's Adjustable Task Chair, Storm",301.96,2,0.0,87.5684,2015-11
624,CA-2015-138009,2015-11-29,2015-12-03,Standard Class,SF-20965,Sylvia Foulston,Corporate,United States,Dearborn,Michigan,48126,Central,OFF-AP-10000179,Office Supplies,Appliances,Honeywell Enviracaire Portable HEPA Air Cleaner for up to 10 x 16 Room,555.21,5,0.1,178.901,2015-11
625,CA-2015-138009,2015-11-29,2015-12-03,Standard Class,SF-20965,Sylvia Foulston,Corporate,United States,Dearborn,Michigan,48126,Central,OFF-ST-10001272,Office Supplies,Storage,"Mini 13-1/2 Capacity Data Binder Rack, Pearl",523.48,4,0.0,130.87,2015-11
626,CA-2015-138009,2015-11-29,2015-12-03,Standard Class,SF-20965,Sylvia Foulston,Corporate,United States,Dearborn,Michigan,48126,Central,OFF-AR-10004042,Office Supplies,Art,"BOSTON Model 1800 Electric Pencil Sharpeners, Putty/Woodgrain",161.82,9,0.0,46.9278,2015-11
627,CA-2017-163020,2017-09-15,2017-09-19,Standard Class,MO-17800,Meg O'Connel,Home Office,United States,New York City,New York,10009,East,FUR-FU-10000221,Furniture,Furnishings,"Master Caster Door Stop, Brown",35.56,7,0.0,12.0904,2017-09
628,CA-2017-153787,2017-05-19,2017-05-23,Standard Class,AT-10735,Annie Thurman,Consumer,United States,Seattle,Washington,98115,West,OFF-AP-10001563,Office Supplies,Appliances,Belkin Premiere Surge Master II 8-outlet surge protector,97.16,2,0.0,28.1764,2017-05
629,CA-2017-133431,2017-12-17,2017-12-21,Standard Class,LC-17140,Logan Currie,Consumer,United States,San Francisco,California,94122,West,OFF-BI-10000605,Office Supplies,Binders,"Acco Pressboard Covers with Storage Hooks, 9 1/2"" x 11"", Executive Red",15.24,5,0.2,5.1435,2017-12
630,CA-2017-133431,2017-12-17,2017-12-21,Standard Class,LC-17140,Logan Currie,Consumer,United States,San Francisco,California,94122,West,OFF-PA-10002615,Office Supplies,Paper,"Ampad Gold Fibre Wirebound Steno Books, 6"" x 9"", Gregg Ruled",13.23,3,0.0,6.0858,2017-12
631,US-2016-135720,2016-12-11,2016-12-13,Second Class,FM-14380,Fred McMath,Consumer,United States,Aurora,Colorado,80013,West,OFF-ST-10001963,Office Supplies,Storage,Tennsco Regal Shelving Units,243.384,3,0.2,-51.7191,2016-12
632,US-2016-135720,2016-12-11,2016-12-13,Second Class,FM-14380,Fred McMath,Consumer,United States,Aurora,Colorado,80013,West,TEC-AC-10001267,Technology,Accessories,Imation 32GB Pocket Pro USB 3.0 Flash Drive - 32 GB - Black - 1 P ...,119.8,5,0.2,29.95,2016-12
633,US-2016-135720,2016-12-11,2016-12-13,Second Class,FM-14380,Fred McMath,Consumer,United States,Aurora,Colorado,80013,West,TEC-PH-10002103,Technology,Phones,Jabra SPEAK 410,300.768,4,0.2,30.0768,2016-12
634,CA-2017-144694,2017-09-24,2017-09-26,Second Class,BD-11605,Brian Dahlen,Consumer,United States,Miami,Florida,33180,South,TEC-AC-10002857,Technology,Accessories,"Verbatim 25 GB 6x Blu-ray Single Layer Recordable Disc, 1/Pack",17.88,3,0.2,2.4585,2017-09
635,CA-2017-144694,2017-09-24,2017-09-26,Second Class,BD-11605,Brian Dahlen,Consumer,United States,Miami,Florida,33180,South,OFF-LA-10003930,Office Supplies,Labels,"Dot Matrix Printer Tape Reel Labels, White, 5000/Box",235.944,3,0.2,85.5297,2017-09
636,CA-2015-168004,2015-10-04,2015-10-09,Second Class,DJ-13420,Denny Joy,Corporate,United States,Warner Robins,Georgia,31088,South,FUR-CH-10001482,Furniture,Chairs,Office Star - Mesh Screen back chair with Vinyl seat,392.94,3,0.0,43.2234,2015-10
637,US-2016-123470,2016-08-15,2016-08-21,Standard Class,ME-17725,Max Engle,Consumer,United States,Aurora,Colorado,80013,West,OFF-BI-10001989,Office Supplies,Binders,Premium Transparent Presentation Covers by GBC,18.882,3,0.7,-13.8468,2016-08
638,US-2016-123470,2016-08-15,2016-08-21,Standard Class,ME-17725,Max Engle,Consumer,United States,Aurora,Colorado,80013,West,OFF-AP-10003287,Office Supplies,Appliances,Tripp Lite TLP810NET Broadband Surge for Modem/Fax,122.328,3,0.2,12.2328,2016-08
639,CA-2016-115917,2016-05-20,2016-05-25,Standard Class,RB-19465,Rick Bensley,Home Office,United States,Vallejo,California,94591,West,FUR-FU-10000576,Furniture,Furnishings,Luxo Professional Fluorescent Magnifier Lamp with Clamp-Mount Base,1049.2,5,0.0,272.792,2016-05
640,CA-2016-115917,2016-05-20,2016-05-25,Standard Class,RB-19465,Rick Bensley,Home Office,United States,Vallejo,California,94591,West,OFF-BI-10004728,Office Supplies,Binders,Wilson Jones Turn Tabs Binder Tool for Ring Binders,15.424,4,0.2,5.0128,2016-05
641,CA-2016-147067,2016-12-18,2016-12-22,Standard Class,JD-16150,Justin Deggeller,Corporate,United States,Minneapolis,Minnesota,55407,Central,FUR-FU-10000732,Furniture,Furnishings,Eldon 200 Class Desk Accessories,18.84,3,0.0,6.0288,2016-12
642,CA-2017-167913,2017-07-30,2017-08-03,Second Class,JL-15835,John Lee,Consumer,United States,Mission Viejo,California,92691,West,OFF-ST-10000585,Office Supplies,Storage,Economy Rollaway Files,330.4,2,0.0,85.904,2017-07
643,CA-2017-167913,2017-07-30,2017-08-03,Second Class,JL-15835,John Lee,Consumer,United States,Mission Viejo,California,92691,West,OFF-LA-10002787,Office Supplies,Labels,Avery 480,26.25,7,0.0,12.6,2017-07
644,CA-2017-106103,2017-06-10,2017-06-15,Standard Class,SC-20305,Sean Christensen,Consumer,United States,Rochester Hills,Michigan,48307,Central,TEC-AC-10003832,Technology,Accessories,Imation 16GB Mini TravelDrive USB 2.0 Flash Drive,132.52,4,0.0,54.3332,2017-06
645,US-2017-127719,2017-07-21,2017-07-25,Standard Class,TW-21025,Tamara Willingham,Home Office,United States,Plainfield,New Jersey,7060,East,OFF-PA-10001934,Office Supplies,Paper,Xerox 1993,6.48,1,0.0,3.1752,2017-07
646,CA-2017-126221,2017-12-30,2018-01-05,Standard Class,CC-12430,Chuck Clark,Home Office,United States,Columbus,Indiana,47201,Central,OFF-AP-10002457,Office Supplies,Appliances,"Eureka The Boss Plus 12-Amp Hard Box Upright Vacuum, Red",209.3,2,0.0,56.511,2017-12
647,CA-2016-103947,2016-04-01,2016-04-08,Standard Class,BB-10990,Barry Blumstein,Corporate,United States,Sierra Vista,Arizona,85635,West,OFF-FA-10003112,Office Supplies,Fasteners,Staples,31.56,5,0.2,9.8625,2016-04
648,CA-2016-103947,2016-04-01,2016-04-08,Standard Class,BB-10990,Barry Blumstein,Corporate,United States,Sierra Vista,Arizona,85635,West,OFF-AP-10002350,Office Supplies,Appliances,Belkin F9H710-06 7 Outlet SurgeMaster Surge Protector,30.144,2,0.2,3.0144,2016-04
649,CA-2016-160745,2016-12-11,2016-12-16,Second Class,AR-10825,Anthony Rawles,Corporate,United States,Vancouver,Washington,98661,West,FUR-FU-10001935,Furniture,Furnishings,3M Hangers With Command Adhesive,14.8,4,0.0,6.068,2016-12
650,CA-2016-160745,2016-12-11,2016-12-16,Second Class,AR-10825,Anthony Rawles,Corporate,United States,Vancouver,Washington,98661,West,TEC-PH-10003273,Technology,Phones,AT&T TR1909W,302.376,3,0.2,22.6782,2016-12
651,CA-2016-160745,2016-12-11,2016-12-16,Second Class,AR-10825,Anthony Rawles,Corporate,United States,Vancouver,Washington,98661,West,TEC-AC-10001142,Technology,Accessories,First Data FD10 PIN Pad,316.0,4,0.0,31.6,2016-12
652,CA-2016-132661,2016-10-23,2016-10-29,Standard Class,SR-20740,Steven Roelle,Home Office,United States,New York City,New York,10024,East,OFF-PA-10000482,Office Supplies,Paper,"Snap-A-Way Black Print Carbonless Ruled Speed Letter, Triplicate",379.4,10,0.0,178.318,2016-10
653,CA-2017-140844,2017-06-19,2017-06-23,Standard Class,AR-10405,Allen Rosenblatt,Corporate,United States,New York City,New York,10035,East,OFF-PA-10003892,Office Supplies,Paper,Xerox 1943,97.82,2,0.0,45.9754,2017-06
654,CA-2017-140844,2017-06-19,2017-06-23,Standard Class,AR-10405,Allen Rosenblatt,Corporate,United States,New York City,New York,10035,East,TEC-AC-10001101,Technology,Accessories,Sony 16GB Class 10 Micro SDHC R40 Memory Card,103.12,8,0.0,10.312,2017-06
655,CA-2016-137239,2016-08-22,2016-08-28,Standard Class,CR-12730,Craig Reiter,Consumer,United States,Columbus,Ohio,43229,East,OFF-AP-10002439,Office Supplies,Appliances,Tripp Lite Isotel 8 Ultra 8 Outlet Metal Surge,113.552,2,0.2,8.5164,2016-08
656,CA-2016-137239,2016-08-22,2016-08-28,Standard Class,CR-12730,Craig Reiter,Consumer,United States,Columbus,Ohio,43229,East,OFF-BI-10002827,Office Supplies,Binders,Avery Durable Poly Binders,3.318,2,0.7,-2.6544,2016-08
657,CA-2016-137239,2016-08-22,2016-08-28,Standard Class,CR-12730,Craig Reiter,Consumer,United States,Columbus,Ohio,43229,East,OFF-EN-10002230,Office Supplies,Envelopes,Airmail Envelopes,134.288,2,0.2,45.3222,2016-08
658,US-2016-156097,2016-09-19,2016-09-19,Same Day,EH-14125,Eugene Hildebrand,Home Office,United States,Aurora,Illinois,60505,Central,FUR-CH-10001215,Furniture,Chairs,Global Troy Executive Leather Low-Back Tilter,701.372,2,0.3,-50.098,2016-09
659,US-2016-156097,2016-09-19,2016-09-19,Same Day,EH-14125,Eugene Hildebrand,Home Office,United States,Aurora,Illinois,60505,Central,OFF-BI-10004654,Office Supplies,Binders,Avery Binding System Hidden Tab Executive Style Index Sets,2.308,2,0.8,-3.462,2016-09
660,CA-2015-146563,2015-08-24,2015-08-28,Standard Class,CB-12025,Cassandra Brandow,Consumer,United States,Arlington,Texas,76017,Central,OFF-ST-10001490,Office Supplies,Storage,"Hot File 7-Pocket, Floor Stand",999.432,7,0.2,124.929,2015-08
661,CA-2015-146563,2015-08-24,2015-08-28,Standard Class,CB-12025,Cassandra Brandow,Consumer,United States,Arlington,Texas,76017,Central,OFF-ST-10001511,Office Supplies,Storage,Space Solutions Commercial Steel Shelving,724.08,14,0.2,-135.765,2015-08
662,CA-2015-146563,2015-08-24,2015-08-28,Standard Class,CB-12025,Cassandra Brandow,Consumer,United States,Arlington,Texas,76017,Central,FUR-TA-10001768,Furniture,Tables,Hon Racetrack Conference Tables,918.785,5,0.3,-118.1295,2015-08
663,CA-2015-146563,2015-08-24,2015-08-28,Standard Class,CB-12025,Cassandra Brandow,Consumer,United States,Arlington,Texas,76017,Central,OFF-BI-10003981,Office Supplies,Binders,"Avery Durable Plastic 1"" Binders",2.724,3,0.8,-4.2222,2015-08
664,CA-2016-123666,2016-03-26,2016-03-30,Standard Class,SP-20545,Sibella Parks,Corporate,United States,New York City,New York,10011,East,OFF-ST-10001522,Office Supplies,Storage,"Gould Plastics 18-Pocket Panel Bin, 34w x 5-1/4d x 20-1/2h",459.95,5,0.0,18.398,2016-03
665,CA-2016-143308,2016-11-04,2016-11-04,Same Day,RC-19825,Roy Collins,Consumer,United States,Louisville,Kentucky,40214,South,OFF-FA-10000621,Office Supplies,Fasteners,"OIC Colored Binder Clips, Assorted Sizes",10.74,3,0.0,5.2626,2016-11
666,CA-2017-132682,2017-06-08,2017-06-10,Second Class,TH-21235,Tiffany House,Corporate,United States,Dallas,Texas,75081,Central,OFF-SU-10004231,Office Supplies,Supplies,Acme Tagit Stainless Steel Antibacterial Scissors,23.76,3,0.2,2.079,2017-06
667,CA-2017-132682,2017-06-08,2017-06-10,Second Class,TH-21235,Tiffany House,Corporate,United States,Dallas,Texas,75081,Central,OFF-PA-10000474,Office Supplies,Paper,Easy-staple paper,85.056,3,0.2,28.7064,2017-06
668,CA-2017-132682,2017-06-08,2017-06-10,Second Class,TH-21235,Tiffany House,Corporate,United States,Dallas,Texas,75081,Central,TEC-PH-10004042,Technology,Phones,ClearOne Communications CHAT 70 OC Speaker Phone,381.576,3,0.2,28.6182,2017-06
669,CA-2014-156314,2014-12-24,2014-12-26,First Class,RP-19390,Resi Pölking,Consumer,United States,Cleveland,Ohio,44105,East,FUR-FU-10003096,Furniture,Furnishings,"Master Giant Foot Doorstop, Safety Yellow",30.36,5,0.2,8.7285,2014-12
670,US-2017-106663,2017-06-09,2017-06-13,Standard Class,MO-17800,Meg O'Connel,Home Office,United States,Chicago,Illinois,60653,Central,FUR-FU-10002759,Furniture,Furnishings,12-1/2 Diameter Round Wall Clock,23.976,3,0.6,-14.3856,2017-06
671,US-2017-106663,2017-06-09,2017-06-13,Standard Class,MO-17800,Meg O'Connel,Home Office,United States,Chicago,Illinois,60653,Central,FUR-TA-10000688,Furniture,Tables,"Chromcraft Bull-Nose Wood Round Conference Table Top, Wood Base",108.925,1,0.5,-71.8905,2017-06
672,US-2017-106663,2017-06-09,2017-06-13,Standard Class,MO-17800,Meg O'Connel,Home Office,United States,Chicago,Illinois,60653,Central,OFF-PA-10002377,Office Supplies,Paper,"Adams Telephone Message Book W/Dividers/Space For Phone Numbers, 5 1/4""X8 1/2"", 200/Messages",36.352,8,0.2,11.36,2017-06
673,CA-2017-111178,2017-06-15,2017-06-22,Standard Class,TD-20995,Tamara Dahlen,Consumer,United States,Quincy,Illinois,62301,Central,OFF-AR-10001954,Office Supplies,Art,Newell 331,19.56,5,0.2,1.7115,2017-06
674,CA-2017-130351,2017-12-05,2017-12-08,First Class,RB-19570,Rob Beeghly,Consumer,United States,Columbus,Indiana,47201,Central,OFF-AP-10004532,Office Supplies,Appliances,Kensington 6 Outlet Guardian Standard Surge Protector,61.44,3,0.0,16.5888,2017-12
675,CA-2017-130351,2017-12-05,2017-12-08,First Class,RB-19570,Rob Beeghly,Consumer,United States,Columbus,Indiana,47201,Central,OFF-PA-10002137,Office Supplies,Paper,"Southworth 100% Résumé Paper, 24lb.",38.9,5,0.0,17.505,2017-12
676,CA-2017-130351,2017-12-05,2017-12-08,First Class,RB-19570,Rob Beeghly,Consumer,United States,Columbus,Indiana,47201,Central,TEC-AC-10003832,Technology,Accessories,Imation 16GB Mini TravelDrive USB 2.0 Flash Drive,99.39,3,0.0,40.7499,2017-12
677,US-2017-119438,2017-03-18,2017-03-23,Standard Class,CD-11980,Carol Darley,Consumer,United States,Tyler,Texas,75701,Central,OFF-AP-10000804,Office Supplies,Appliances,Hoover Portapower Portable Vacuum,2.688,3,0.8,-7.392,2017-03
678,US-2017-119438,2017-03-18,2017-03-23,Standard Class,CD-11980,Carol Darley,Consumer,United States,Tyler,Texas,75701,Central,TEC-AC-10003614,Technology,Accessories,"Verbatim 25 GB 6x Blu-ray Single Layer Recordable Disc, 10/Pack",27.816,3,0.2,4.5201,2017-03
679,US-2017-119438,2017-03-18,2017-03-23,Standard Class,CD-11980,Carol Darley,Consumer,United States,Tyler,Texas,75701,Central,FUR-FU-10003553,Furniture,Furnishings,"Howard Miller 13-1/2"" Diameter Rosebrook Wall Clock",82.524,3,0.6,-41.262,2017-03
680,US-2017-119438,2017-03-18,2017-03-23,Standard Class,CD-11980,Carol Darley,Consumer,United States,Tyler,Texas,75701,Central,OFF-BI-10004632,Office Supplies,Binders,Ibico Hi-Tech Manual Binding System,182.994,3,0.8,-320.2395,2017-03
681,CA-2016-164511,2016-11-19,2016-11-24,Standard Class,DJ-13630,Doug Jacobs,Consumer,United States,New York City,New York,10024,East,OFF-BI-10003305,Office Supplies,Binders,Avery Hanging File Binders,14.352,3,0.2,4.6644,2016-11
682,CA-2016-164511,2016-11-19,2016-11-24,Standard Class,DJ-13630,Doug Jacobs,Consumer,United States,New York City,New York,10024,East,OFF-ST-10002583,Office Supplies,Storage,Fellowes Neat Ideas Storage Cubes,64.96,2,0.0,2.5984,2016-11
683,CA-2016-164511,2016-11-19,2016-11-24,Standard Class,DJ-13630,Doug Jacobs,Consumer,United States,New York City,New York,10024,East,OFF-ST-10004507,Office Supplies,Storage,Advantus Rolling Storage Box,68.6,4,0.0,18.522,2016-11
684,US-2017-168116,2017-11-04,2017-11-04,Same Day,GT-14635,Grant Thornton,Corporate,United States,Burlington,North Carolina,27217,South,TEC-MA-10004125,Technology,Machines,Cubify CubeX 3D Printer Triple Head Print,7999.98,4,0.5,-3839.9904,2017-11
685,US-2017-168116,2017-11-04,2017-11-04,Same Day,GT-14635,Grant Thornton,Corporate,United States,Burlington,North Carolina,27217,South,OFF-AP-10002457,Office Supplies,Appliances,"Eureka The Boss Plus 12-Amp Hard Box Upright Vacuum, Red",167.44,2,0.2,14.651,2017-11
686,CA-2014-157784,2014-07-05,2014-07-08,First Class,MC-17845,Michael Chen,Consumer,United States,Jackson,Mississippi,39212,South,TEC-AC-10003911,Technology,Accessories,NETGEAR AC1750 Dual Band Gigabit Smart WiFi Router,479.97,3,0.0,163.1898,2014-07
687,CA-2014-157784,2014-07-05,2014-07-08,First Class,MC-17845,Michael Chen,Consumer,United States,Jackson,Mississippi,39212,South,OFF-LA-10001934,Office Supplies,Labels,Avery 516,14.62,2,0.0,6.8714,2014-07
688,CA-2014-157784,2014-07-05,2014-07-08,First Class,MC-17845,Michael Chen,Consumer,United States,Jackson,Mississippi,39212,South,OFF-PA-10000304,Office Supplies,Paper,Xerox 1995,19.44,3,0.0,9.3312,2014-07
689,CA-2017-161480,2017-12-25,2017-12-29,Standard Class,RA-19285,Ralph Arnett,Consumer,United States,New York City,New York,10035,East,FUR-BO-10004015,Furniture,Bookcases,"Bush Andora Bookcase, Maple/Graphite Gray Finish",191.984,2,0.2,4.7996,2017-12
690,US-2014-117135,2014-06-21,2014-06-23,Second Class,NP-18325,Naresj Patel,Consumer,United States,Waynesboro,Virginia,22980,South,FUR-FU-10004071,Furniture,Furnishings,Luxo Professional Magnifying Clamp-On Fluorescent Lamps,104.01,1,0.0,14.5614,2014-06
691,US-2014-117135,2014-06-21,2014-06-23,Second Class,NP-18325,Naresj Patel,Consumer,United States,Waynesboro,Virginia,22980,South,TEC-PH-10002033,Technology,Phones,Konftel 250 Conference phone - Charcoal black,284.82,1,0.0,74.0532,2014-06
692,US-2014-117135,2014-06-21,2014-06-23,Second Class,NP-18325,Naresj Patel,Consumer,United States,Waynesboro,Virginia,22980,South,OFF-ST-10002444,Office Supplies,Storage,Recycled Eldon Regeneration Jumbo File,36.84,3,0.0,10.3152,2014-06
693,CA-2015-131534,2015-03-28,2015-04-02,Standard Class,AB-10165,Alan Barnes,Consumer,United States,Los Angeles,California,90036,West,TEC-AC-10002253,Technology,Accessories,Imation Bio 8GB USB Flash Drive Imation Corp,166.24,1,0.0,24.936,2015-03
694,CA-2015-131534,2015-03-28,2015-04-02,Standard Class,AB-10165,Alan Barnes,Consumer,United States,Los Angeles,California,90036,West,OFF-PA-10000743,Office Supplies,Paper,Xerox 1977,33.4,5,0.0,16.032,2015-03
695,CA-2015-119291,2015-05-14,2015-05-17,First Class,JO-15550,Jesus Ocampo,Home Office,United States,Chester,Pennsylvania,19013,East,OFF-AR-10003373,Office Supplies,Art,"Boston School Pro Electric Pencil Sharpener, 1670",198.272,8,0.2,17.3488,2015-05
696,CA-2015-119291,2015-05-14,2015-05-17,First Class,JO-15550,Jesus Ocampo,Home Office,United States,Chester,Pennsylvania,19013,East,OFF-LA-10002312,Office Supplies,Labels,Avery 490,47.36,4,0.2,17.76,2015-05
697,CA-2015-119291,2015-05-14,2015-05-17,First Class,JO-15550,Jesus Ocampo,Home Office,United States,Chester,Pennsylvania,19013,East,OFF-EN-10000927,Office Supplies,Envelopes,Jet-Pak Recycled Peel 'N' Seal Padded Mailers,200.984,7,0.2,62.8075,2015-05
698,CA-2015-119291,2015-05-14,2015-05-17,First Class,JO-15550,Jesus Ocampo,Home Office,United States,Chester,Pennsylvania,19013,East,OFF-LA-10003510,Office Supplies,Labels,"Avery 4027 File Folder Labels for Dot Matrix Printers, 5000 Labels per Box, White",97.696,4,0.2,31.7512,2015-05
699,CA-2015-119291,2015-05-14,2015-05-17,First Class,JO-15550,Jesus Ocampo,Home Office,United States,Chester,Pennsylvania,19013,East,OFF-AR-10001118,Office Supplies,Art,"Binney & Smith Crayola Metallic Crayons, 16-Color Pack",2.696,1,0.2,0.8088,2015-05
700,CA-2015-119291,2015-05-14,2015-05-17,First Class,JO-15550,Jesus Ocampo,Home Office,United States,Chester,Pennsylvania,19013,East,OFF-BI-10001575,Office Supplies,Binders,GBC Linen Binding Covers,18.588,2,0.7,-13.6312,2015-05
701,CA-2015-119291,2015-05-14,2015-05-17,First Class,JO-15550,Jesus Ocampo,Home Office,United States,Chester,Pennsylvania,19013,East,OFF-BI-10001982,Office Supplies,Binders,Wilson Jones Custom Binder Spines & Labels,4.896,3,0.7,-3.4272,2015-05
702,CA-2017-114552,2017-09-02,2017-09-08,Standard Class,Dl-13600,Dorris liebe,Corporate,United States,Cleveland,Ohio,44105,East,FUR-FU-10002960,Furniture,Furnishings,"Eldon 200 Class Desk Accessories, Burgundy",15.072,3,0.2,4.1448,2017-09
703,CA-2016-163755,2016-11-04,2016-11-08,Second Class,AS-10285,Alejandro Savely,Corporate,United States,Seattle,Washington,98103,West,FUR-FU-10003394,Furniture,Furnishings,"Tenex ""The Solids"" Textured Chair Mats",209.88,3,0.0,35.6796,2016-11
704,CA-2015-142027,2015-04-09,2015-04-14,Standard Class,JK-15370,Jay Kimmel,Consumer,United States,Long Beach,California,90805,West,FUR-TA-10002774,Furniture,Tables,Laminate Occasional Tables,369.912,3,0.2,-13.8717,2015-04
705,CA-2014-138527,2014-09-12,2014-09-17,Standard Class,BN-11470,Brad Norvell,Corporate,United States,Cary,North Carolina,27511,South,OFF-PA-10001800,Office Supplies,Paper,Xerox 220,10.368,2,0.2,3.6288,2014-09
706,CA-2014-138527,2014-09-12,2014-09-17,Standard Class,BN-11470,Brad Norvell,Corporate,United States,Cary,North Carolina,27511,South,OFF-AP-10001469,Office Supplies,Appliances,Fellowes 8 Outlet Superior Workstation Surge Protector,166.84,5,0.2,18.7695,2014-09
707,CA-2014-138527,2014-09-12,2014-09-17,Standard Class,BN-11470,Brad Norvell,Corporate,United States,Cary,North Carolina,27511,South,TEC-AC-10002399,Technology,Accessories,SanDisk Cruzer 32 GB USB Flash Drive,15.216,1,0.2,2.2824,2014-09
708,CA-2014-112158,2014-12-02,2014-12-04,First Class,DP-13165,David Philippe,Consumer,United States,New York City,New York,10035,East,TEC-AC-10003628,Technology,Accessories,Logitech 910-002974 M325 Wireless Mouse for Web Scrolling,119.96,4,0.0,52.7824,2014-12
709,CA-2014-112158,2014-12-02,2014-12-04,First Class,DP-13165,David Philippe,Consumer,United States,New York City,New York,10035,East,FUR-BO-10003272,Furniture,Bookcases,O'Sullivan Living Dimensions 5-Shelf Bookcases,883.92,5,0.2,-110.49,2014-12
710,CA-2014-112158,2014-12-02,2014-12-04,First Class,DP-13165,David Philippe,Consumer,United States,New York City,New York,10035,East,OFF-BI-10000050,Office Supplies,Binders,"Angle-D Binders with Locking Rings, Label Holders",46.72,8,0.2,15.768,2014-12
711,CA-2014-113887,2014-04-05,2014-04-07,First Class,TH-21550,Tracy Hopkins,Home Office,United States,New York City,New York,10035,East,OFF-PA-10004071,Office Supplies,Paper,"Eaton Premium Continuous-Feed Paper, 25% Cotton, Letter Size, White, 1000 Shts/Box",55.48,1,0.0,26.6304,2014-04
712,CA-2017-146136,2017-09-03,2017-09-07,Standard Class,AP-10915,Arthur Prichep,Consumer,United States,Palm Coast,Florida,32137,South,OFF-EN-10001219,Office Supplies,Envelopes,"#10- 4 1/8"" x 9 1/2"" Security-Tint Envelopes",24.448,4,0.2,8.8624,2017-09
713,US-2017-100048,2017-05-19,2017-05-24,Standard Class,RS-19765,Roland Schwarz,Corporate,United States,Mount Vernon,New York,10550,East,OFF-AP-10001154,Office Supplies,Appliances,Bionaire Personal Warm Mist Humidifier/Vaporizer,281.34,6,0.0,109.7226,2017-05
714,US-2017-100048,2017-05-19,2017-05-24,Standard Class,RS-19765,Roland Schwarz,Corporate,United States,Mount Vernon,New York,10550,East,TEC-PH-10003012,Technology,Phones,Nortel Meridian M3904 Professional Digital phone,307.98,2,0.0,89.3142,2017-05
715,US-2017-100048,2017-05-19,2017-05-24,Standard Class,RS-19765,Roland Schwarz,Corporate,United States,Mount Vernon,New York,10550,East,TEC-AC-10001606,Technology,Accessories,Logitech Wireless Performance Mouse MX for PC and Mac,299.97,3,0.0,113.9886,2017-05
716,CA-2014-153150,2014-07-01,2014-07-06,Second Class,Dl-13600,Dorris liebe,Corporate,United States,Seattle,Washington,98105,West,OFF-BI-10003355,Office Supplies,Binders,Cardinal Holdit Business Card Pockets,19.92,5,0.2,6.972,2014-07
717,CA-2014-130092,2014-01-11,2014-01-14,First Class,SV-20365,Seth Vernon,Consumer,United States,Dover,Delaware,19901,East,FUR-FU-10000010,Furniture,Furnishings,"DAX Value U-Channel Document Frames, Easel Back",9.94,2,0.0,3.0814,2014-01
718,CA-2017-108910,2017-09-24,2017-09-29,Standard Class,KC-16540,Kelly Collister,Consumer,United States,Newark,Ohio,43055,East,FUR-FU-10002253,Furniture,Furnishings,"Howard Miller 13"" Diameter Pewter Finish Round Wall Clock",103.056,3,0.2,24.4758,2017-09
719,CA-2014-104472,2014-06-02,2014-06-07,Standard Class,CK-12325,Christine Kargatis,Home Office,United States,Orem,Utah,84057,West,OFF-BI-10001658,Office Supplies,Binders,GBC Standard Therm-A-Bind Covers,59.808,3,0.2,19.4376,2014-06
720,CA-2014-104472,2014-06-02,2014-06-07,Standard Class,CK-12325,Christine Kargatis,Home Office,United States,Orem,Utah,84057,West,FUR-FU-10000246,Furniture,Furnishings,Aluminum Document Frame,73.32,6,0.0,21.996,2014-06
721,CA-2016-112942,2016-02-13,2016-02-18,Standard Class,RD-19810,Ross DeVincentis,Home Office,United States,Los Angeles,California,90045,West,OFF-PA-10004092,Office Supplies,Paper,Tops Green Bar Computer Printout Paper,146.82,3,0.0,73.41,2016-02
722,CA-2016-142335,2016-12-15,2016-12-19,Standard Class,MP-17965,Michael Paige,Corporate,United States,Detroit,Michigan,48205,Central,FUR-TA-10000198,Furniture,Tables,Chromcraft Bull-Nose Wood Oval Conference Tables & Bases,1652.94,3,0.0,231.4116,2016-12
723,CA-2016-142335,2016-12-15,2016-12-19,Standard Class,MP-17965,Michael Paige,Corporate,United States,Detroit,Michigan,48205,Central,OFF-ST-10000036,Office Supplies,Storage,"Recycled Data-Pak for Archival Bound Computer Printouts, 12-1/2 x 12-1/2 x 16",296.37,3,0.0,80.0199,2016-12
724,CA-2014-117429,2014-10-07,2014-10-13,Standard Class,MR-17545,Mathew Reese,Home Office,United States,Philadelphia,Pennsylvania,19140,East,FUR-FU-10000222,Furniture,Furnishings,"Seth Thomas 16"" Steel Case Clock",129.92,5,0.2,21.112,2014-10
725,CA-2016-114713,2016-07-07,2016-07-12,Standard Class,SC-20695,Steve Chapman,Corporate,United States,Hialeah,Florida,33012,South,OFF-SU-10004664,Office Supplies,Supplies,Acme Softgrip Scissors,45.584,7,0.2,5.1282,2016-07
726,CA-2017-144113,2017-09-16,2017-09-20,Standard Class,JF-15355,Jay Fein,Consumer,United States,Austin,Texas,78745,Central,OFF-EN-10001141,Office Supplies,Envelopes,"Manila Recycled Extra-Heavyweight Clasp Envelopes, 6"" x 9""",17.568,2,0.2,6.3684,2017-09
727,CA-2017-144113,2017-09-16,2017-09-20,Standard Class,JF-15355,Jay Fein,Consumer,United States,Austin,Texas,78745,Central,TEC-PH-10002170,Technology,Phones,ClearSounds CSC500 Amplified Spirit Phone Corded phone,55.992,1,0.2,5.5992,2017-09
728,US-2016-150861,2016-12-03,2016-12-06,First Class,EG-13900,Emily Grady,Consumer,United States,Oceanside,New York,11572,East,OFF-PA-10001954,Office Supplies,Paper,Xerox 1964,182.72,8,0.0,84.0512,2016-12
729,US-2016-150861,2016-12-03,2016-12-06,First Class,EG-13900,Emily Grady,Consumer,United States,Oceanside,New York,11572,East,FUR-TA-10002228,Furniture,Tables,"Bevis Traditional Conference Table Top, Plinth Base",400.032,2,0.4,-153.3456,2016-12
730,US-2016-150861,2016-12-03,2016-12-06,First Class,EG-13900,Emily Grady,Consumer,United States,Oceanside,New York,11572,East,OFF-ST-10004634,Office Supplies,Storage,"Personal Folder Holder, Ebony",33.63,3,0.0,10.089,2016-12
731,US-2016-150861,2016-12-03,2016-12-06,First Class,EG-13900,Emily Grady,Consumer,United States,Oceanside,New York,11572,East,FUR-CH-10002965,Furniture,Chairs,"Global Leather Highback Executive Chair with Pneumatic Height Adjustment, Black",542.646,3,0.1,102.4998,2016-12
732,US-2016-150861,2016-12-03,2016-12-06,First Class,EG-13900,Emily Grady,Consumer,United States,Oceanside,New York,11572,East,OFF-LA-10001317,Office Supplies,Labels,Avery 520,6.3,2,0.0,3.024,2016-12
733,CA-2017-131954,2017-01-21,2017-01-25,Standard Class,DS-13030,Darrin Sayre,Home Office,United States,Seattle,Washington,98115,West,OFF-ST-10000736,Office Supplies,Storage,Carina Double Wide Media Storage Towers in Natural & Black,242.94,3,0.0,9.7176,2017-01
734,CA-2017-131954,2017-01-21,2017-01-25,Standard Class,DS-13030,Darrin Sayre,Home Office,United States,Seattle,Washington,98115,West,TEC-AC-10003610,Technology,Accessories,Logitech Illuminated - Keyboard,179.97,3,0.0,86.3856,2017-01
735,CA-2017-131954,2017-01-21,2017-01-25,Standard Class,DS-13030,Darrin Sayre,Home Office,United States,Seattle,Washington,98115,West,OFF-BI-10003982,Office Supplies,Binders,Wilson Jones Century Plastic Molded Ring Binders,99.696,6,0.2,33.6474,2017-01
736,CA-2017-131954,2017-01-21,2017-01-25,Standard Class,DS-13030,Darrin Sayre,Home Office,United States,Seattle,Washington,98115,West,OFF-BI-10003291,Office Supplies,Binders,Wilson Jones Leather-Like Binders with DublLock Round Rings,27.936,4,0.2,9.4284,2017-01
737,CA-2017-131954,2017-01-21,2017-01-25,Standard Class,DS-13030,Darrin Sayre,Home Office,United States,Seattle,Washington,98115,West,FUR-BO-10001619,Furniture,Bookcases,O'Sullivan Cherrywood Estates Traditional Bookcase,84.98,1,0.0,18.6956,2017-01
738,CA-2017-131954,2017-01-21,2017-01-25,Standard Class,DS-13030,Darrin Sayre,Home Office,United States,Seattle,Washington,98115,West,OFF-BI-10000138,Office Supplies,Binders,Acco Translucent Poly Ring Binders,18.72,5,0.2,6.552,2017-01
739,CA-2014-132500,2014-09-08,2014-09-12,Standard Class,GZ-14470,Gary Zandusky,Consumer,United States,San Francisco,California,94110,West,TEC-AC-10001383,Technology,Accessories,Logitech Wireless Touch Keyboard K400,49.98,2,0.0,8.4966,2014-09
740,CA-2014-112326,2014-01-04,2014-01-08,Standard Class,PO-19195,Phillina Ober,Home Office,United States,Naperville,Illinois,60540,Central,OFF-LA-10003223,Office Supplies,Labels,Avery 508,11.784,3,0.2,4.2717,2014-01
741,CA-2014-112326,2014-01-04,2014-01-08,Standard Class,PO-19195,Phillina Ober,Home Office,United States,Naperville,Illinois,60540,Central,OFF-ST-10002743,Office Supplies,Storage,SAFCO Boltless Steel Shelving,272.736,3,0.2,-64.7748,2014-01
742,CA-2014-112326,2014-01-04,2014-01-08,Standard Class,PO-19195,Phillina Ober,Home Office,United States,Naperville,Illinois,60540,Central,OFF-BI-10004094,Office Supplies,Binders,GBC Standard Plastic Binding Systems Combs,3.54,2,0.8,-5.487,2014-01
743,US-2016-146710,2016-08-27,2016-09-01,Standard Class,SS-20875,Sung Shariari,Consumer,United States,Dallas,Texas,75220,Central,OFF-SU-10004498,Office Supplies,Supplies,Martin-Yale Premier Letter Opener,51.52,5,0.2,-10.948,2016-08
744,US-2016-146710,2016-08-27,2016-09-01,Standard Class,SS-20875,Sung Shariari,Consumer,United States,Dallas,Texas,75220,Central,OFF-PA-10002615,Office Supplies,Paper,"Ampad Gold Fibre Wirebound Steno Books, 6"" x 9"", Gregg Ruled",3.528,1,0.2,1.1466,2016-08
745,US-2016-146710,2016-08-27,2016-09-01,Standard Class,SS-20875,Sung Shariari,Consumer,United States,Dallas,Texas,75220,Central,OFF-PA-10004971,Office Supplies,Paper,Xerox 196,4.624,1,0.2,1.6762,2016-08
746,US-2016-146710,2016-08-27,2016-09-01,Standard Class,SS-20875,Sung Shariari,Consumer,United States,Dallas,Texas,75220,Central,OFF-SU-10004261,Office Supplies,Supplies,"Fiskars 8"" Scissors, 2/Pack",55.168,4,0.2,6.2064,2016-08
747,CA-2014-124429,2014-05-27,2014-05-27,Same Day,MH-17785,Maya Herman,Corporate,United States,San Diego,California,92105,West,FUR-TA-10002607,Furniture,Tables,KI Conference Tables,567.12,10,0.2,-28.356,2014-05
748,CA-2014-124429,2014-05-27,2014-05-27,Same Day,MH-17785,Maya Herman,Corporate,United States,San Diego,California,92105,West,OFF-ST-10001809,Office Supplies,Storage,Fellowes Officeware Wire Shelving,359.32,4,0.0,7.1864,2014-05
749,CA-2016-150889,2016-03-20,2016-03-22,Second Class,PB-19105,Peter Bühler,Consumer,United States,Evanston,Illinois,60201,Central,TEC-PH-10000004,Technology,Phones,Belkin iPhone and iPad Lightning Cable,11.992,1,0.2,0.8994,2016-03
750,CA-2017-126074,2017-10-02,2017-10-06,Standard Class,RF-19735,Roland Fjeld,Consumer,United States,Trenton,Michigan,48183,Central,OFF-BI-10003638,Office Supplies,Binders,GBC Durable Plastic Covers,58.05,3,0.0,26.703,2017-10
751,CA-2017-126074,2017-10-02,2017-10-06,Standard Class,RF-19735,Roland Fjeld,Consumer,United States,Trenton,Michigan,48183,Central,FUR-FU-10003577,Furniture,Furnishings,Nu-Dell Leatherette Frames,157.74,11,0.0,56.7864,2017-10
752,CA-2017-126074,2017-10-02,2017-10-06,Standard Class,RF-19735,Roland Fjeld,Consumer,United States,Trenton,Michigan,48183,Central,OFF-AR-10003478,Office Supplies,Art,"Avery Hi-Liter EverBold Pen Style Fluorescent Highlighters, 4/Pack",56.98,7,0.0,22.792,2017-10
753,CA-2017-126074,2017-10-02,2017-10-06,Standard Class,RF-19735,Roland Fjeld,Consumer,United States,Trenton,Michigan,48183,Central,OFF-BI-10000546,Office Supplies,Binders,Avery Durable Binders,2.88,1,0.0,1.4112,2017-10
754,CA-2016-110499,2016-04-07,2016-04-09,First Class,YC-21895,Yoseph Carroll,Corporate,United States,San Francisco,California,94110,West,TEC-CO-10002095,Technology,Copiers,Hewlett Packard 610 Color Digital Copier / Printer,1199.976,3,0.2,374.9925,2016-04
755,CA-2015-135272,2015-12-07,2015-12-12,Standard Class,MS-17830,Melanie Seite,Consumer,United States,Los Angeles,California,90036,West,FUR-FU-10002759,Furniture,Furnishings,12-1/2 Diameter Round Wall Clock,79.92,4,0.0,28.7712,2015-12
756,CA-2016-140928,2016-09-18,2016-09-22,Standard Class,NB-18655,Nona Balk,Corporate,United States,Jacksonville,Florida,32216,South,FUR-TA-10001095,Furniture,Tables,Chromcraft Round Conference Tables,383.438,4,0.45,-167.3184,2016-09
757,CA-2014-106803,2014-12-29,2015-01-02,Standard Class,DC-13285,Debra Catini,Consumer,United States,Cottage Grove,Minnesota,55016,Central,OFF-ST-10002444,Office Supplies,Storage,Recycled Eldon Regeneration Jumbo File,24.56,2,0.0,6.8768,2014-12
758,CA-2014-106803,2014-12-29,2015-01-02,Standard Class,DC-13285,Debra Catini,Consumer,United States,Cottage Grove,Minnesota,55016,Central,TEC-AC-10001267,Technology,Accessories,Imation 32GB Pocket Pro USB 3.0 Flash Drive - 32 GB - Black - 1 P ...,119.8,4,0.0,47.92,2014-12
759,CA-2017-117240,2017-07-23,2017-07-28,Standard Class,CP-12340,Christine Phan,Corporate,United States,New York City,New York,10009,East,OFF-BI-10000848,Office Supplies,Binders,Angle-D Ring Binders,13.128,3,0.2,4.2666,2017-07
760,CA-2017-133333,2017-09-18,2017-09-22,Standard Class,BF-11020,Barry Französisch,Corporate,United States,Green Bay,Wisconsin,54302,Central,OFF-PA-10002377,Office Supplies,Paper,"Adams Telephone Message Book W/Dividers/Space For Phone Numbers, 5 1/4""X8 1/2"", 200/Messages",22.72,4,0.0,10.224,2017-09
761,CA-2015-112319,2015-08-31,2015-09-05,Standard Class,AR-10510,Andrew Roberts,Consumer,United States,Los Angeles,California,90004,West,OFF-PA-10003441,Office Supplies,Paper,Xerox 226,58.32,9,0.0,27.9936,2015-08
762,CA-2017-126046,2017-11-03,2017-11-07,Standard Class,JC-16105,Julie Creighton,Corporate,United States,Atlanta,Georgia,30318,South,OFF-LA-10004484,Office Supplies,Labels,Avery 476,12.39,3,0.0,5.6994,2017-11
763,CA-2015-114923,2015-02-08,2015-02-13,Standard Class,LH-17020,Lisa Hazard,Consumer,United States,Columbus,Ohio,43229,East,TEC-PH-10003931,Technology,Phones,JBL Micro Wireless Portable Bluetooth Speaker,107.982,3,0.4,-26.9955,2015-02
764,CA-2014-162775,2014-01-13,2014-01-15,Second Class,CS-12250,Chris Selesnick,Corporate,United States,Bossier City,Louisiana,71111,South,OFF-EN-10001990,Office Supplies,Envelopes,Staple envelope,11.36,2,0.0,5.3392,2014-01
765,CA-2014-162775,2014-01-13,2014-01-15,Second Class,CS-12250,Chris Selesnick,Corporate,United States,Bossier City,Louisiana,71111,South,OFF-EN-10001532,Office Supplies,Envelopes,Brown Kraft Recycled Envelopes,50.94,3,0.0,25.47,2014-01
766,CA-2014-162775,2014-01-13,2014-01-15,Second Class,CS-12250,Chris Selesnick,Corporate,United States,Bossier City,Louisiana,71111,South,TEC-AC-10003174,Technology,Accessories,Plantronics S12 Corded Telephone Headset System,646.74,6,0.0,258.696,2014-01
767,CA-2014-162775,2014-01-13,2014-01-15,Second Class,CS-12250,Chris Selesnick,Corporate,United States,Bossier City,Louisiana,71111,South,OFF-BI-10004187,Office Supplies,Binders,3-ring staple pack,5.64,3,0.0,2.7072,2014-01
768,CA-2014-162775,2014-01-13,2014-01-15,Second Class,CS-12250,Chris Selesnick,Corporate,United States,Bossier City,Louisiana,71111,South,OFF-ST-10000025,Office Supplies,Storage,Fellowes Stor/Drawer Steel Plus Storage Drawers,572.58,6,0.0,34.3548,2014-01
769,CA-2014-106810,2014-05-14,2014-05-20,Standard Class,AJ-10795,Anthony Johnson,Corporate,United States,Saint Petersburg,Florida,33710,South,FUR-FU-10004306,Furniture,Furnishings,Electrix Halogen Magnifier Lamp,310.88,2,0.2,23.316,2014-05
770,CA-2016-157245,2016-05-19,2016-05-24,Standard Class,LE-16810,Laurel Elliston,Consumer,United States,Arlington,Virginia,22204,South,FUR-CH-10003746,Furniture,Chairs,Hon 4070 Series Pagoda Round Back Stacking Chairs,641.96,2,0.0,179.7488,2016-05
771,CA-2017-104220,2017-01-30,2017-02-05,Standard Class,BV-11245,Benjamin Venier,Corporate,United States,Des Moines,Iowa,50315,Central,OFF-BI-10001036,Office Supplies,Binders,Cardinal EasyOpen D-Ring Binders,18.28,2,0.0,9.14,2017-01
772,CA-2017-104220,2017-01-30,2017-02-05,Standard Class,BV-11245,Benjamin Venier,Corporate,United States,Des Moines,Iowa,50315,Central,TEC-PH-10004614,Technology,Phones,AT&T 841000 Phone,207.0,3,0.0,51.75,2017-01
773,CA-2017-104220,2017-01-30,2017-02-05,Standard Class,BV-11245,Benjamin Venier,Corporate,United States,Des Moines,Iowa,50315,Central,OFF-BI-10000301,Office Supplies,Binders,GBC Instant Report Kit,32.35,5,0.0,16.175,2017-01
774,CA-2017-104220,2017-01-30,2017-02-05,Standard Class,BV-11245,Benjamin Venier,Corporate,United States,Des Moines,Iowa,50315,Central,OFF-BI-10003910,Office Supplies,Binders,DXL Angle-View Binders with Locking Rings by Samsill,7.71,1,0.0,3.4695,2017-01
775,CA-2017-104220,2017-01-30,2017-02-05,Standard Class,BV-11245,Benjamin Venier,Corporate,United States,Des Moines,Iowa,50315,Central,OFF-AR-10004648,Office Supplies,Art,Boston 19500 Mighty Mite Electric Pencil Sharpener,40.3,2,0.0,10.881,2017-01
776,CA-2017-104220,2017-01-30,2017-02-05,Standard Class,BV-11245,Benjamin Venier,Corporate,United States,Des Moines,Iowa,50315,Central,FUR-FU-10002597,Furniture,Furnishings,"C-Line Magnetic Cubicle Keepers, Clear Polypropylene",34.58,7,0.0,14.5236,2017-01
777,CA-2014-165974,2014-06-29,2014-07-06,Standard Class,DL-12865,Dan Lawera,Consumer,United States,Cincinnati,Ohio,45231,East,OFF-AR-10003405,Office Supplies,Art,"Dixon My First Ticonderoga Pencil, #2",32.76,7,0.2,3.6855,2014-06
778,CA-2015-144267,2015-08-21,2015-08-23,First Class,NZ-18565,Nick Zandusky,Home Office,United States,San Francisco,California,94110,West,FUR-CH-10002335,Furniture,Chairs,Hon GuestStacker Chair,544.008,3,0.2,40.8006,2015-08
779,CA-2015-144267,2015-08-21,2015-08-23,First Class,NZ-18565,Nick Zandusky,Home Office,United States,San Francisco,California,94110,West,OFF-PA-10000157,Office Supplies,Paper,Xerox 191,59.94,3,0.0,28.1718,2015-08
780,CA-2015-144267,2015-08-21,2015-08-23,First Class,NZ-18565,Nick Zandusky,Home Office,United States,San Francisco,California,94110,West,OFF-PA-10001947,Office Supplies,Paper,Xerox 1974,23.92,4,0.0,11.7208,2015-08
781,CA-2015-144267,2015-08-21,2015-08-23,First Class,NZ-18565,Nick Zandusky,Home Office,United States,San Francisco,California,94110,West,OFF-PA-10003657,Office Supplies,Paper,Xerox 1927,4.28,1,0.0,1.926,2015-08
782,US-2015-157014,2015-10-03,2015-10-06,Second Class,BM-11785,Bryan Mills,Consumer,United States,Columbus,Ohio,43229,East,OFF-BI-10001098,Office Supplies,Binders,Acco D-Ring Binder w/DublLock,32.07,5,0.7,-22.449,2015-10
783,US-2015-157014,2015-10-03,2015-10-06,Second Class,BM-11785,Bryan Mills,Consumer,United States,Columbus,Ohio,43229,East,TEC-AC-10002167,Technology,Accessories,Imation 8gb Micro Traveldrive Usb 2.0 Flash Drive,24.0,2,0.2,-2.7,2015-10
784,US-2015-157014,2015-10-03,2015-10-06,Second Class,BM-11785,Bryan Mills,Consumer,United States,Columbus,Ohio,43229,East,FUR-BO-10004409,Furniture,Bookcases,"Safco Value Mate Series Steel Bookcases, Baked Enamel Finish on Steel, Gray",35.49,1,0.5,-15.6156,2015-10
785,US-2015-157014,2015-10-03,2015-10-06,Second Class,BM-11785,Bryan Mills,Consumer,United States,Columbus,Ohio,43229,East,TEC-AC-10000057,Technology,Accessories,Microsoft Natural Ergonomic Keyboard 4000,47.984,2,0.2,0.5998,2015-10
786,CA-2015-154921,2015-05-23,2015-05-28,Standard Class,EA-14035,Erin Ashbrook,Corporate,United States,Columbia,South Carolina,29203,South,OFF-EN-10000056,Office Supplies,Envelopes,Cameo Buff Policy Envelopes,186.69,3,0.0,87.7443,2015-05
787,CA-2017-129567,2017-03-17,2017-03-21,Second Class,CL-12565,Clay Ludtke,Consumer,United States,Lancaster,California,93534,West,OFF-BI-10000014,Office Supplies,Binders,Heavy-Duty E-Z-D Binders,17.456,2,0.2,5.8914,2017-03
788,CA-2015-154620,2015-12-12,2015-12-16,Standard Class,LT-17110,Liz Thompson,Consumer,United States,Lancaster,California,93534,West,FUR-CH-10004675,Furniture,Chairs,"Lifetime Advantage Folding Chairs, 4/Carton",348.928,2,0.2,34.8928,2015-12
789,CA-2015-115938,2015-06-26,2015-06-30,Standard Class,SA-20830,Sue Ann Reed,Consumer,United States,Richmond,Virginia,23223,South,OFF-BI-10001543,Office Supplies,Binders,GBC VeloBinder Manual Binding System,143.96,4,0.0,69.1008,2015-06
790,CA-2015-115938,2015-06-26,2015-06-30,Standard Class,SA-20830,Sue Ann Reed,Consumer,United States,Richmond,Virginia,23223,South,OFF-ST-10001321,Office Supplies,Storage,"Decoflex Hanging Personal Folder File, Blue",15.42,1,0.0,4.1634,2015-06
791,CA-2015-115938,2015-06-26,2015-06-30,Standard Class,SA-20830,Sue Ann Reed,Consumer,United States,Richmond,Virginia,23223,South,OFF-BI-10001132,Office Supplies,Binders,"Acco PRESSTEX Data Binder with Storage Hooks, Dark Blue, 9 1/2"" X 11""",43.04,8,0.0,21.0896,2015-06
792,CA-2015-115938,2015-06-26,2015-06-30,Standard Class,SA-20830,Sue Ann Reed,Consumer,United States,Richmond,Virginia,23223,South,FUR-CH-10003199,Furniture,Chairs,Office Star - Contemporary Task Swivel Chair,332.94,3,0.0,79.9056,2015-06
793,CA-2016-105256,2016-05-20,2016-05-20,Same Day,JK-15730,Joe Kamberova,Consumer,United States,Asheville,North Carolina,28806,South,TEC-PH-10001530,Technology,Phones,Cisco Unified IP Phone 7945G VoIP phone,1363.96,5,0.2,85.2475,2016-05
794,CA-2014-156433,2014-09-20,2014-09-26,Standard Class,ES-14020,Erica Smith,Consumer,United States,San Francisco,California,94110,West,OFF-LA-10001569,Office Supplies,Labels,Avery 499,9.96,2,0.0,4.5816,2014-09
795,CA-2014-156433,2014-09-20,2014-09-26,Standard Class,ES-14020,Erica Smith,Consumer,United States,San Francisco,California,94110,West,OFF-PA-10003724,Office Supplies,Paper,"Wirebound Message Book, 4 per Page",21.72,4,0.0,10.6428,2014-09
796,CA-2017-151428,2017-09-21,2017-09-26,Standard Class,RH-19495,Rick Hansen,Consumer,United States,Rochester,Minnesota,55901,Central,OFF-BI-10000546,Office Supplies,Binders,Avery Durable Binders,20.16,7,0.0,9.8784,2017-09
797,CA-2015-124653,2015-12-24,2015-12-26,First Class,DB-13120,David Bremer,Corporate,United States,Rochester,New York,14609,East,OFF-PA-10000176,Office Supplies,Paper,Xerox 1887,132.79,7,0.0,63.7392,2015-12
798,CA-2015-124653,2015-12-24,2015-12-26,First Class,DB-13120,David Bremer,Corporate,United States,Rochester,New York,14609,East,OFF-PA-10002365,Office Supplies,Paper,Xerox 1967,12.96,2,0.0,6.2208,2015-12
799,CA-2015-124653,2015-12-24,2015-12-26,First Class,DB-13120,David Bremer,Corporate,United States,Rochester,New York,14609,East,OFF-LA-10002271,Office Supplies,Labels,Smead Alpha-Z Color-Coded Second Alphabetical Labels and Starter Set,21.56,7,0.0,10.3488,2015-12
800,CA-2015-101910,2015-11-27,2015-12-03,Standard Class,CD-11920,Carlos Daly,Consumer,United States,Lake Elsinore,California,92530,West,FUR-CH-10002647,Furniture,Chairs,"Situations Contoured Folding Chairs, 4/Set",283.92,5,0.2,17.745,2015-11
801,CA-2017-105809,2017-02-20,2017-02-23,First Class,HW-14935,Helen Wasserman,Corporate,United States,San Diego,California,92105,West,FUR-FU-10004090,Furniture,Furnishings,"Executive Impressions 14"" Contract Wall Clock",22.23,1,0.0,7.3359,2017-02
802,CA-2017-105809,2017-02-20,2017-02-23,First Class,HW-14935,Helen Wasserman,Corporate,United States,San Diego,California,92105,West,TEC-PH-10001580,Technology,Phones,Logitech Mobile Speakerphone P710e - speaker phone,215.968,2,0.2,18.8972,2017-02
803,CA-2016-136133,2016-08-18,2016-08-23,Second Class,HW-14935,Helen Wasserman,Corporate,United States,New York City,New York,10024,East,OFF-AP-10000576,Office Supplies,Appliances,Belkin 7 Outlet SurgeMaster II,355.32,9,0.0,99.4896,2016-08
804,CA-2016-115504,2016-03-12,2016-03-17,Standard Class,MC-18130,Mike Caudle,Corporate,United States,Monroe,Louisiana,71203,South,OFF-PA-10003953,Office Supplies,Paper,Xerox 218,12.96,2,0.0,6.2208,2016-03
805,CA-2017-135783,2017-04-22,2017-04-24,First Class,GM-14440,Gary McGarr,Consumer,United States,San Francisco,California,94122,West,FUR-FU-10000794,Furniture,Furnishings,"Eldon Stackable Tray, Side-Load, Legal, Smoke",18.28,2,0.0,6.2152,2017-04
806,CA-2014-134313,2014-11-01,2014-11-07,Standard Class,RA-19915,Russell Applegate,Consumer,United States,Denver,Colorado,80219,West,OFF-AR-10001897,Office Supplies,Art,Model L Table or Wall-Mount Pencil Sharpener,43.176,3,0.2,4.3176,2014-11
807,CA-2014-134313,2014-11-01,2014-11-07,Standard Class,RA-19915,Russell Applegate,Consumer,United States,Denver,Colorado,80219,West,TEC-PH-10001795,Technology,Phones,ClearOne CHATAttach 160 - speaker phone,1983.968,4,0.2,247.996,2014-11
808,CA-2015-140921,2015-02-03,2015-02-05,First Class,AA-10375,Allen Armold,Consumer,United States,Omaha,Nebraska,68104,Central,FUR-FU-10003347,Furniture,Furnishings,Coloredge Poster Frame,28.4,2,0.0,11.076,2015-02
809,CA-2015-140921,2015-02-03,2015-02-05,First Class,AA-10375,Allen Armold,Consumer,United States,Omaha,Nebraska,68104,Central,TEC-AC-10004901,Technology,Accessories,Kensington SlimBlade Notebook Wireless Mouse with Nano Receiver ,149.97,3,0.0,50.9898,2015-02
810,CA-2014-151995,2014-10-13,2014-10-15,First Class,ZC-21910,Zuschuss Carroll,Consumer,United States,Edmonds,Washington,98026,West,OFF-AR-10003190,Office Supplies,Art,Newell 32,11.52,4,0.0,3.2256,2014-10
811,CA-2014-151995,2014-10-13,2014-10-15,First Class,ZC-21910,Zuschuss Carroll,Consumer,United States,Edmonds,Washington,98026,West,FUR-TA-10002903,Furniture,Tables,"Bevis Round Bullnose 29"" High Table Top",1298.55,5,0.0,311.652,2014-10
812,CA-2014-151995,2014-10-13,2014-10-15,First Class,ZC-21910,Zuschuss Carroll,Consumer,United States,Edmonds,Washington,98026,West,OFF-AP-10000240,Office Supplies,Appliances,Belkin F9G930V10-GRY 9 Outlet Surge,213.92,4,0.0,62.0368,2014-10
813,CA-2014-151995,2014-10-13,2014-10-15,First Class,ZC-21910,Zuschuss Carroll,Consumer,United States,Edmonds,Washington,98026,West,TEC-AC-10001101,Technology,Accessories,Sony 16GB Class 10 Micro SDHC R40 Memory Card,25.78,2,0.0,2.578,2014-10
814,CA-2017-143686,2017-05-14,2017-05-14,Same Day,PJ-19015,Pauline Johnson,Consumer,United States,Santa Ana,California,92704,West,FUR-FU-10000794,Furniture,Furnishings,"Eldon Stackable Tray, Side-Load, Legal, Smoke",18.28,2,0.0,6.2152,2017-05
815,CA-2017-143686,2017-05-14,2017-05-14,Same Day,PJ-19015,Pauline Johnson,Consumer,United States,Santa Ana,California,92704,West,TEC-AC-10001838,Technology,Accessories,Razer Tiamat Over Ear 7.1 Surround Sound PC Gaming Headset,1399.93,7,0.0,601.9699,2017-05
816,CA-2015-106565,2015-03-20,2015-03-23,First Class,BW-11110,Bart Watters,Corporate,United States,Milwaukee,Wisconsin,53209,Central,OFF-PA-10000061,Office Supplies,Paper,Xerox 205,51.84,8,0.0,24.8832,2015-03
817,CA-2016-149370,2016-09-15,2016-09-19,Standard Class,DB-13210,Dean Braden,Consumer,United States,Philadelphia,Pennsylvania,19140,East,OFF-PA-10003651,Office Supplies,Paper,Xerox 1968,5.344,1,0.2,1.8704,2016-09
818,CA-2014-140858,2014-06-28,2014-07-02,Standard Class,CA-12775,Cynthia Arntzen,Consumer,United States,Philadelphia,Pennsylvania,19140,East,OFF-PA-10000304,Office Supplies,Paper,Xerox 1995,41.472,8,0.2,14.5152,2014-06
819,CA-2014-140858,2014-06-28,2014-07-02,Standard Class,CA-12775,Cynthia Arntzen,Consumer,United States,Philadelphia,Pennsylvania,19140,East,OFF-BI-10003094,Office Supplies,Binders,Self-Adhesive Ring Binder Labels,3.168,3,0.7,-2.4288,2014-06
820,CA-2014-140858,2014-06-28,2014-07-02,Standard Class,CA-12775,Cynthia Arntzen,Consumer,United States,Philadelphia,Pennsylvania,19140,East,FUR-CH-10001394,Furniture,Chairs,Global Leather Executive Chair,1228.465,5,0.3,0.0,2014-06
821,CA-2014-140858,2014-06-28,2014-07-02,Standard Class,CA-12775,Cynthia Arntzen,Consumer,United States,Philadelphia,Pennsylvania,19140,East,OFF-BI-10004230,Office Supplies,Binders,GBC Recycled Grain Textured Covers,31.086,3,0.7,-22.7964,2014-06
822,CA-2014-140858,2014-06-28,2014-07-02,Standard Class,CA-12775,Cynthia Arntzen,Consumer,United States,Philadelphia,Pennsylvania,19140,East,OFF-PA-10003395,Office Supplies,Paper,Xerox 1941,335.52,4,0.2,117.432,2014-06
823,CA-2017-101434,2017-06-20,2017-06-27,Standard Class,TR-21325,Toby Ritter,Consumer,United States,Belleville,New Jersey,7109,East,TEC-AC-10002402,Technology,Accessories,Razer Kraken PRO Over Ear PC and Music Headset,239.97,3,0.0,71.991,2017-06
824,CA-2017-101434,2017-06-20,2017-06-27,Standard Class,TR-21325,Toby Ritter,Consumer,United States,Belleville,New Jersey,7109,East,OFF-LA-10003223,Office Supplies,Labels,Avery 508,9.82,2,0.0,4.8118,2017-06
825,US-2014-102071,2014-05-09,2014-05-15,Standard Class,PG-18820,Patrick Gardner,Consumer,United States,San Francisco,California,94110,West,TEC-AC-10003441,Technology,Accessories,Kingston Digital DataTraveler 32GB USB 2.0,67.8,4,0.0,4.068,2014-05
826,US-2014-102071,2014-05-09,2014-05-15,Standard Class,PG-18820,Patrick Gardner,Consumer,United States,San Francisco,California,94110,West,TEC-AC-10000109,Technology,Accessories,Sony Micro Vault Click 16 GB USB 2.0 Flash Drive,167.97,3,0.0,40.3128,2014-05
827,CA-2017-126956,2017-08-21,2017-08-28,Standard Class,GT-14710,Greg Tran,Consumer,United States,Lakeville,Minnesota,55044,Central,OFF-FA-10002280,Office Supplies,Fasteners,Advantus Plastic Paper Clips,35.0,7,0.0,16.8,2017-08
828,CA-2017-126956,2017-08-21,2017-08-28,Standard Class,GT-14710,Greg Tran,Consumer,United States,Lakeville,Minnesota,55044,Central,OFF-SU-10000381,Office Supplies,Supplies,Acme Forged Steel Scissors with Black Enamel Handles,37.24,4,0.0,10.7996,2017-08
829,CA-2017-126956,2017-08-21,2017-08-28,Standard Class,GT-14710,Greg Tran,Consumer,United States,Lakeville,Minnesota,55044,Central,OFF-EN-10004459,Office Supplies,Envelopes,Security-Tint Envelopes,15.28,2,0.0,7.4872,2017-08
830,CA-2017-129462,2017-06-16,2017-06-21,Second Class,JE-15745,Joel Eaton,Consumer,United States,Florence,Kentucky,41042,South,FUR-CH-10000665,Furniture,Chairs,"Global Airflow Leather Mesh Back Chair, Black",301.96,2,0.0,90.588,2017-06
831,CA-2017-129462,2017-06-16,2017-06-21,Second Class,JE-15745,Joel Eaton,Consumer,United States,Florence,Kentucky,41042,South,OFF-AP-10003884,Office Supplies,Appliances,"Fellowes Smart Surge Ten-Outlet Protector, Platinum",180.66,3,0.0,50.5848,2017-06
832,CA-2017-129462,2017-06-16,2017-06-21,Second Class,JE-15745,Joel Eaton,Consumer,United States,Florence,Kentucky,41042,South,TEC-PH-10001557,Technology,Phones,Pyle PMP37LED,191.98,2,0.0,51.8346,2017-06
833,CA-2017-129462,2017-06-16,2017-06-21,Second Class,JE-15745,Joel Eaton,Consumer,United States,Florence,Kentucky,41042,South,TEC-PH-10002085,Technology,Phones,Clarity 53712,65.99,1,0.0,17.1574,2017-06
834,CA-2016-165316,2016-07-23,2016-07-27,Standard Class,JB-15400,Jennifer Braxton,Corporate,United States,Tampa,Florida,33614,South,OFF-AR-10002956,Office Supplies,Art,Boston 16801 Nautilus Battery Pencil Sharpener,35.216,2,0.2,2.6412,2016-07
835,CA-2016-165316,2016-07-23,2016-07-27,Standard Class,JB-15400,Jennifer Braxton,Corporate,United States,Tampa,Florida,33614,South,OFF-AP-10003266,Office Supplies,Appliances,"Holmes Replacement Filter for HEPA Air Cleaner, Large Room",23.696,2,0.2,6.5164,2016-07
836,CA-2016-165316,2016-07-23,2016-07-27,Standard Class,JB-15400,Jennifer Braxton,Corporate,United States,Tampa,Florida,33614,South,TEC-MA-10004002,Technology,Machines,Zebra GX420t Direct Thermal/Thermal Transfer Printer,265.475,1,0.5,-111.4995,2016-07
837,US-2014-115987,2014-09-08,2014-09-13,Second Class,LH-17020,Lisa Hazard,Consumer,United States,Tyler,Texas,75701,Central,OFF-BI-10001071,Office Supplies,Binders,GBC ProClick Punch Binding System,51.184,4,0.8,-79.3352,2014-09
838,US-2017-156083,2017-11-04,2017-11-11,Standard Class,JL-15175,James Lanier,Home Office,United States,Columbia,Tennessee,38401,South,OFF-PA-10001560,Office Supplies,Paper,"Adams Telephone Message Books, 5 1/4 x 11",9.664,2,0.2,3.2616,2017-11
839,US-2016-137547,2016-03-07,2016-03-12,Standard Class,EB-13705,Ed Braxton,Corporate,United States,Fort Worth,Texas,76106,Central,TEC-PH-10002365,Technology,Phones,Belkin Grip Candy Sheer Case / Cover for iPhone 5 and 5S,21.072,3,0.2,1.5804,2016-03
840,CA-2015-100454,2015-11-20,2015-11-25,Standard Class,BM-11650,Brian Moss,Corporate,United States,New York City,New York,10035,East,OFF-AR-10004648,Office Supplies,Art,Boston 19500 Mighty Mite Electric Pencil Sharpener,60.45,3,0.0,16.3215,2015-11
841,CA-2015-100454,2015-11-20,2015-11-25,Standard Class,BM-11650,Brian Moss,Corporate,United States,New York City,New York,10035,East,OFF-AR-10002578,Office Supplies,Art,Newell 335,11.52,4,0.0,3.3408,2015-11
842,CA-2015-100454,2015-11-20,2015-11-25,Standard Class,BM-11650,Brian Moss,Corporate,United States,New York City,New York,10035,East,FUR-BO-10001519,Furniture,Bookcases,O'Sullivan 3-Shelf Heavy-Duty Bookcases,186.048,4,0.2,9.3024,2015-11
843,CA-2016-161669,2016-11-07,2016-11-09,First Class,EM-14095,Eudokia Martin,Corporate,United States,Los Angeles,California,90036,West,OFF-BI-10001294,Office Supplies,Binders,Fellowes Binding Cases,37.44,4,0.2,11.7,2016-11
844,CA-2016-161669,2016-11-07,2016-11-09,First Class,EM-14095,Eudokia Martin,Corporate,United States,Los Angeles,California,90036,West,OFF-BI-10001636,Office Supplies,Binders,Ibico Plastic and Wire Spiral Binding Combs,26.976,4,0.2,8.7672,2016-11
845,CA-2016-161669,2016-11-07,2016-11-09,First Class,EM-14095,Eudokia Martin,Corporate,United States,Los Angeles,California,90036,West,OFF-SU-10002503,Office Supplies,Supplies,Acme Preferred Stainless Steel Scissors,11.36,2,0.0,3.2944,2016-11
846,CA-2016-161669,2016-11-07,2016-11-09,First Class,EM-14095,Eudokia Martin,Corporate,United States,Los Angeles,California,90036,West,OFF-LA-10004093,Office Supplies,Labels,Avery 486,14.62,2,0.0,6.8714,2016-11
847,CA-2015-114300,2015-10-13,2015-10-17,Standard Class,AF-10885,Art Foster,Consumer,United States,Louisville,Kentucky,40214,South,TEC-PH-10001552,Technology,Phones,I Need's 3d Hello Kitty Hybrid Silicone Case Cover for HTC One X 4g with 3d Hello Kitty Stylus Pen Green/pink,83.72,7,0.0,23.4416,2015-10
848,CA-2015-114300,2015-10-13,2015-10-17,Standard Class,AF-10885,Art Foster,Consumer,United States,Louisville,Kentucky,40214,South,FUR-CH-10001891,Furniture,Chairs,Global Deluxe Office Fabric Chairs,287.94,3,0.0,77.7438,2015-10
849,CA-2017-107503,2017-01-01,2017-01-06,Standard Class,GA-14725,Guy Armstrong,Consumer,United States,Lorain,Ohio,44052,East,FUR-FU-10003878,Furniture,Furnishings,"Linden 10"" Round Wall Clock, Black",48.896,4,0.2,8.5568,2017-01
850,CA-2014-107755,2014-02-07,2014-02-12,Standard Class,CK-12760,Cyma Kinney,Corporate,United States,Linden,New Jersey,7036,East,TEC-AC-10000710,Technology,Accessories,Maxell DVD-RAM Discs,115.36,7,0.0,49.6048,2014-02
851,CA-2016-152534,2016-06-20,2016-06-25,Second Class,DP-13105,Dave Poirier,Corporate,United States,Salinas,California,93905,West,OFF-AR-10002335,Office Supplies,Art,DIXON Oriole Pencils,5.16,2,0.0,1.3416,2016-06
852,CA-2016-152534,2016-06-20,2016-06-25,Second Class,DP-13105,Dave Poirier,Corporate,United States,Salinas,California,93905,West,OFF-PA-10001870,Office Supplies,Paper,Xerox 202,38.88,6,0.0,18.6624,2016-06
853,CA-2016-113747,2016-05-28,2016-06-04,Standard Class,VD-21670,Valerie Dominguez,Consumer,United States,Jackson,Mississippi,39212,South,OFF-AR-10003373,Office Supplies,Art,"Boston School Pro Electric Pencil Sharpener, 1670",185.88,6,0.0,50.1876,2016-05
854,CA-2016-123274,2016-02-19,2016-02-24,Standard Class,GT-14710,Greg Tran,Consumer,United States,New York City,New York,10035,East,FUR-FU-10004090,Furniture,Furnishings,"Executive Impressions 14"" Contract Wall Clock",44.46,2,0.0,14.6718,2016-02
855,CA-2016-123274,2016-02-19,2016-02-24,Standard Class,GT-14710,Greg Tran,Consumer,United States,New York City,New York,10035,East,OFF-ST-10000736,Office Supplies,Storage,Carina Double Wide Media Storage Towers in Natural & Black,242.94,3,0.0,9.7176,2016-02
856,CA-2014-125612,2014-08-03,2014-08-08,Standard Class,BK-11260,Berenike Kampe,Consumer,United States,New York City,New York,10035,East,OFF-PA-10001019,Office Supplies,Paper,Xerox 1884,39.96,2,0.0,18.7812,2014-08
857,CA-2014-125612,2014-08-03,2014-08-08,Standard Class,BK-11260,Berenike Kampe,Consumer,United States,New York City,New York,10035,East,OFF-SU-10002537,Office Supplies,Supplies,Acme Box Cutter Scissors,102.3,10,0.0,26.598,2014-08
858,CA-2014-125612,2014-08-03,2014-08-08,Standard Class,BK-11260,Berenike Kampe,Consumer,United States,New York City,New York,10035,East,OFF-ST-10003221,Office Supplies,Storage,Staple magnet,21.36,2,0.0,5.7672,2014-08
859,CA-2017-161984,2017-04-10,2017-04-15,Standard Class,SJ-20125,Sanjit Jacobs,Home Office,United States,New Brunswick,New Jersey,8901,East,OFF-PA-10004569,Office Supplies,Paper,"Wirebound Message Books, Two 4 1/4"" x 5"" Forms per Page",7.61,1,0.0,3.5767,2017-04
860,CA-2017-161984,2017-04-10,2017-04-15,Standard Class,SJ-20125,Sanjit Jacobs,Home Office,United States,New Brunswick,New Jersey,8901,East,OFF-FA-10000624,Office Supplies,Fasteners,OIC Binder Clips,7.16,2,0.0,3.58,2017-04
861,CA-2014-133851,2014-06-09,2014-06-16,Standard Class,CM-12445,Chuck Magee,Consumer,United States,San Francisco,California,94122,West,OFF-SU-10001225,Office Supplies,Supplies,Staple remover,7.36,2,0.0,0.1472,2014-06
862,CA-2014-133851,2014-06-09,2014-06-16,Standard Class,CM-12445,Chuck Magee,Consumer,United States,San Francisco,California,94122,West,OFF-AR-10003752,Office Supplies,Art,Deluxe Chalkboard Eraser Cleaner,23.1,2,0.0,10.626,2014-06
863,CA-2016-134474,2016-01-05,2016-01-07,Second Class,AJ-10795,Anthony Johnson,Corporate,United States,Jacksonville,Florida,32216,South,TEC-AC-10001714,Technology,Accessories,Logitech MX Performance Wireless Mouse,191.472,6,0.2,40.6878,2016-01
864,CA-2016-134474,2016-01-05,2016-01-07,Second Class,AJ-10795,Anthony Johnson,Corporate,United States,Jacksonville,Florida,32216,South,OFF-AR-10003958,Office Supplies,Art,Newell 337,5.248,2,0.2,0.5904,2016-01
865,CA-2016-134474,2016-01-05,2016-01-07,Second Class,AJ-10795,Anthony Johnson,Corporate,United States,Jacksonville,Florida,32216,South,TEC-PH-10002923,Technology,Phones,"Logitech B530 USB Headset - headset - Full size, Binaural",59.184,2,0.2,5.1786,2016-01
866,CA-2014-149020,2014-01-10,2014-01-15,Standard Class,AJ-10780,Anthony Jacobs,Corporate,United States,Springfield,Virginia,22153,South,OFF-LA-10004272,Office Supplies,Labels,Avery 482,2.89,1,0.0,1.3583,2014-01
867,CA-2014-149020,2014-01-10,2014-01-15,Standard Class,AJ-10780,Anthony Jacobs,Corporate,United States,Springfield,Virginia,22153,South,FUR-FU-10000965,Furniture,Furnishings,"Howard Miller 11-1/2"" Diameter Ridgewood Wall Clock",51.94,1,0.0,21.2954,2014-01
868,CA-2016-134362,2016-09-29,2016-10-02,First Class,LS-16945,Linda Southworth,Corporate,United States,Philadelphia,Pennsylvania,19140,East,OFF-LA-10004853,Office Supplies,Labels,Avery 483,15.936,4,0.2,5.1792,2016-09
869,CA-2014-136742,2014-04-06,2014-04-10,Standard Class,GP-14740,Guy Phonely,Corporate,United States,Lancaster,Pennsylvania,17602,East,OFF-BI-10003719,Office Supplies,Binders,Large Capacity Hanging Post Binders,44.91,6,0.7,-35.928,2014-04
870,CA-2016-158099,2016-09-03,2016-09-05,First Class,PK-18910,Paul Knutson,Home Office,United States,Philadelphia,Pennsylvania,19143,East,OFF-BI-10000545,Office Supplies,Binders,GBC Ibimaster 500 Manual ProClick Binding System,1141.47,5,0.7,-760.98,2016-09
871,CA-2016-158099,2016-09-03,2016-09-05,First Class,PK-18910,Paul Knutson,Home Office,United States,Philadelphia,Pennsylvania,19143,East,TEC-PH-10002496,Technology,Phones,Cisco SPA301,280.782,3,0.4,-46.797,2016-09
872,CA-2015-131128,2015-10-19,2015-10-20,First Class,TB-21520,Tracy Blumstein,Consumer,United States,Concord,New Hampshire,3301,East,OFF-PA-10003591,Office Supplies,Paper,Southworth 100% Cotton The Best Paper,34.44,3,0.0,17.22,2015-10
873,CA-2014-148488,2014-12-10,2014-12-15,Standard Class,SM-20005,Sally Matthias,Consumer,United States,New York City,New York,10009,East,OFF-PA-10004470,Office Supplies,Paper,"Adams Write n' Stick Phone Message Book, 11"" X 5 1/4"", 200 Messages",11.36,2,0.0,5.2256,2014-12
874,CA-2014-148488,2014-12-10,2014-12-15,Standard Class,SM-20005,Sally Matthias,Consumer,United States,New York City,New York,10009,East,OFF-BI-10000315,Office Supplies,Binders,Poly Designer Cover & Back,106.344,7,0.2,37.2204,2014-12
875,CA-2017-114636,2017-08-25,2017-08-29,Standard Class,GA-14725,Guy Armstrong,Consumer,United States,Charlotte,North Carolina,28205,South,OFF-PA-10001790,Office Supplies,Paper,Xerox 1910,192.16,5,0.2,67.256,2017-08
876,CA-2016-116736,2016-01-17,2016-01-21,Standard Class,CC-12430,Chuck Clark,Home Office,United States,Concord,New Hampshire,3301,East,FUR-FU-10004017,Furniture,Furnishings,"Tenex Contemporary Contur Chairmats for Low and Medium Pile Carpet, Computer, 39"" x 49""",322.59,3,0.0,64.518,2016-01
877,CA-2016-116736,2016-01-17,2016-01-21,Standard Class,CC-12430,Chuck Clark,Home Office,United States,Concord,New Hampshire,3301,East,TEC-AC-10003628,Technology,Accessories,Logitech 910-002974 M325 Wireless Mouse for Web Scrolling,29.99,1,0.0,13.1956,2016-01
878,CA-2016-116736,2016-01-17,2016-01-21,Standard Class,CC-12430,Chuck Clark,Home Office,United States,Concord,New Hampshire,3301,East,TEC-AC-10002049,Technology,Accessories,Logitech G19 Programmable Gaming Keyboard,371.97,3,0.0,66.9546,2016-01
879,US-2014-158638,2014-09-17,2014-09-21,Standard Class,AG-10765,Anthony Garverick,Home Office,United States,Philadelphia,Pennsylvania,19120,East,OFF-BI-10003712,Office Supplies,Binders,"Acco Pressboard Covers with Storage Hooks, 14 7/8"" x 11"", Light Blue",5.892,4,0.7,-4.1244,2014-09
880,CA-2017-111689,2017-11-30,2017-12-02,Second Class,HP-14815,Harold Pawlan,Home Office,United States,New York City,New York,10024,East,OFF-BI-10003984,Office Supplies,Binders,Lock-Up Easel 'Spel-Binder',68.472,3,0.2,23.1093,2017-11
881,CA-2017-111689,2017-11-30,2017-12-02,Second Class,HP-14815,Harold Pawlan,Home Office,United States,New York City,New York,10024,East,FUR-CH-10004287,Furniture,Chairs,SAFCO Arco Folding Chair,1242.9,5,0.1,262.39,2017-11
882,CA-2015-129098,2015-10-09,2015-10-13,Standard Class,DK-13090,Dave Kipp,Consumer,United States,Springfield,Virginia,22153,South,OFF-ST-10001321,Office Supplies,Storage,"Decoflex Hanging Personal Folder File, Blue",30.84,2,0.0,8.3268,2015-10
883,US-2017-123463,2017-12-23,2017-12-23,Same Day,GZ-14470,Gary Zandusky,Consumer,United States,San Francisco,California,94109,West,OFF-AR-10001118,Office Supplies,Art,"Binney & Smith Crayola Metallic Crayons, 16-Color Pack",13.48,4,0.0,5.9312,2017-12
884,CA-2016-165148,2016-10-22,2016-10-24,First Class,PM-19135,Peter McVee,Home Office,United States,Detroit,Michigan,48227,Central,FUR-FU-10000732,Furniture,Furnishings,Eldon 200 Class Desk Accessories,31.4,5,0.0,10.048,2016-10
885,CA-2014-134061,2014-04-29,2014-05-04,Standard Class,LL-16840,Lauren Leatherbury,Consumer,United States,Rochester,New York,14609,East,FUR-FU-10001424,Furniture,Furnishings,Dax Clear Box Frame,17.46,2,0.0,5.9364,2014-04
886,CA-2015-143602,2015-04-25,2015-04-28,Second Class,JS-15595,Jill Stevenson,Corporate,United States,Los Angeles,California,90045,West,OFF-BI-10002071,Office Supplies,Binders,Fellowes Black Plastic Comb Bindings,13.944,3,0.2,4.5318,2015-04
887,CA-2017-115364,2017-06-26,2017-07-02,Standard Class,OT-18730,Olvera Toch,Consumer,United States,San Diego,California,92105,West,OFF-ST-10002486,Office Supplies,Storage,Eldon Shelf Savers Cubes and Bins,83.76,12,0.0,1.6752,2017-06
888,CA-2017-150707,2017-10-14,2017-10-19,Standard Class,EL-13735,Ed Ludwig,Home Office,United States,Columbia,Maryland,21044,East,OFF-BI-10001078,Office Supplies,Binders,"Acco PRESSTEX Data Binder with Storage Hooks, Dark Blue, 14 7/8"" X 11""",37.66,7,0.0,18.4534,2017-10
889,CA-2014-104976,2014-12-09,2014-12-16,Standard Class,CK-12760,Cyma Kinney,Corporate,United States,San Francisco,California,94122,West,OFF-PA-10003845,Office Supplies,Paper,Xerox 1987,34.68,6,0.0,16.9932,2014-12
890,CA-2017-132934,2017-06-20,2017-06-26,Standard Class,JE-15475,Jeremy Ellison,Consumer,United States,New Rochelle,New York,10801,East,TEC-AC-10000927,Technology,Accessories,Anker Ultrathin Bluetooth Wireless Keyboard Aluminum Cover with Stand ,149.95,5,0.0,14.995,2017-06
891,CA-2017-132934,2017-06-20,2017-06-26,Standard Class,JE-15475,Jeremy Ellison,Consumer,United States,New Rochelle,New York,10801,East,OFF-BI-10001098,Office Supplies,Binders,Acco D-Ring Binder w/DublLock,51.312,3,0.2,18.6006,2017-06
892,CA-2017-133256,2017-06-26,2017-06-27,First Class,TH-21550,Tracy Hopkins,Home Office,United States,Detroit,Michigan,48227,Central,OFF-PA-10001622,Office Supplies,Paper,"Ampad Poly Cover Wirebound Steno Book, 6"" x 9"" Assorted Colors, Gregg Ruled",4.54,1,0.0,2.043,2017-06
893,CA-2017-133256,2017-06-26,2017-06-27,First Class,TH-21550,Tracy Hopkins,Home Office,United States,Detroit,Michigan,48227,Central,OFF-AR-10003158,Office Supplies,Art,Fluorescent Highlighters by Dixon,15.92,4,0.0,5.4128,2017-06
894,CA-2017-133256,2017-06-26,2017-06-27,First Class,TH-21550,Tracy Hopkins,Home Office,United States,Detroit,Michigan,48227,Central,TEC-PH-10002660,Technology,Phones,Nortel Networks T7316 E Nt8 B27,543.92,8,0.0,135.98,2017-06
895,CA-2016-105494,2016-11-10,2016-11-12,First Class,PC-18745,Pamela Coakley,Corporate,United States,San Francisco,California,94122,West,OFF-ST-10002205,Office Supplies,Storage,File Shuttle I and Handi-File,155.82,7,0.0,42.0714,2016-11
896,CA-2016-105494,2016-11-10,2016-11-12,First Class,PC-18745,Pamela Coakley,Corporate,United States,San Francisco,California,94122,West,OFF-BI-10003364,Office Supplies,Binders,Binding Machine Supplies,70.008,3,0.2,24.5028,2016-11
897,CA-2016-140634,2016-10-03,2016-10-06,Second Class,HL-15040,Hunter Lopez,Consumer,United States,Houston,Texas,77095,Central,OFF-EN-10001099,Office Supplies,Envelopes,Staple envelope,15.648,2,0.2,5.0856,2016-10
898,CA-2014-144407,2014-09-09,2014-09-15,Standard Class,MS-17365,Maribeth Schnelling,Consumer,United States,Detroit,Michigan,48227,Central,OFF-LA-10003923,Office Supplies,Labels,Alphabetical Labels for Top Tab Filing,103.6,7,0.0,51.8,2014-09
899,CA-2017-160983,2017-10-29,2017-10-31,Second Class,GB-14530,George Bell,Corporate,United States,Auburn,New York,13021,East,OFF-PA-10002250,Office Supplies,Paper,Things To Do Today Pad,46.96,8,0.0,22.5408,2017-10
900,US-2016-114622,2016-04-10,2016-04-12,First Class,JR-16210,Justin Ritter,Corporate,United States,Springfield,Ohio,45503,East,OFF-BI-10004716,Office Supplies,Binders,Wilson Jones Hanging Recycled Pressboard Data Binders,8.904,2,0.7,-6.5296,2016-04
901,CA-2017-150959,2017-11-11,2017-11-13,First Class,TD-20995,Tamara Dahlen,Consumer,United States,Garland,Texas,75043,Central,OFF-LA-10001045,Office Supplies,Labels,Permanent Self-Adhesive File Folder Labels for Typewriters by Universal,10.44,5,0.2,3.393,2017-11
902,CA-2017-150959,2017-11-11,2017-11-13,First Class,TD-20995,Tamara Dahlen,Consumer,United States,Garland,Texas,75043,Central,OFF-BI-10001510,Office Supplies,Binders,Deluxe Heavy-Duty Vinyl Round Ring Binder,18.336,4,0.8,-32.088,2017-11
903,CA-2017-132353,2017-09-15,2017-09-17,First Class,DB-13060,Dave Brooks,Consumer,United States,Chicago,Illinois,60653,Central,TEC-PH-10004536,Technology,Phones,Avaya 5420 Digital phone,323.976,3,0.2,20.2485,2017-09
904,CA-2016-130477,2016-04-08,2016-04-12,Standard Class,LC-17140,Logan Currie,Consumer,United States,Los Angeles,California,90032,West,OFF-PA-10002947,Office Supplies,Paper,Xerox 1923,20.04,3,0.0,9.6192,2016-04
905,CA-2016-130477,2016-04-08,2016-04-12,Standard Class,LC-17140,Logan Currie,Consumer,United States,Los Angeles,California,90032,West,OFF-ST-10002583,Office Supplies,Storage,Fellowes Neat Ideas Storage Cubes,64.96,2,0.0,2.5984,2016-04
906,CA-2016-130477,2016-04-08,2016-04-12,Standard Class,LC-17140,Logan Currie,Consumer,United States,Los Angeles,California,90032,West,OFF-PA-10000019,Office Supplies,Paper,Xerox 1931,12.96,2,0.0,6.2208,2016-04
907,CA-2017-143259,2017-12-30,2018-01-03,Standard Class,PO-18865,Patrick O'Donnell,Consumer,United States,New York City,New York,10009,East,FUR-BO-10003441,Furniture,Bookcases,"Bush Westfield Collection Bookcases, Fully Assembled",323.136,4,0.2,12.1176,2017-12
908,CA-2017-143259,2017-12-30,2018-01-03,Standard Class,PO-18865,Patrick O'Donnell,Consumer,United States,New York City,New York,10009,East,TEC-PH-10004774,Technology,Phones,Gear Head AU3700S Headset,90.93,7,0.0,2.7279,2017-12
909,CA-2017-143259,2017-12-30,2018-01-03,Standard Class,PO-18865,Patrick O'Donnell,Consumer,United States,New York City,New York,10009,East,OFF-BI-10003684,Office Supplies,Binders,Wilson Jones Legal Size Ring Binders,52.776,3,0.2,19.791,2017-12
910,CA-2017-137596,2017-09-02,2017-09-07,Standard Class,BE-11335,Bill Eplett,Home Office,United States,Jackson,Michigan,49201,Central,TEC-PH-10001494,Technology,Phones,Polycom CX600 IP Phone VoIP phone,1199.8,4,0.0,323.946,2017-09
911,CA-2017-137596,2017-09-02,2017-09-07,Standard Class,BE-11335,Bill Eplett,Home Office,United States,Jackson,Michigan,49201,Central,TEC-AC-10004666,Technology,Accessories,Maxell iVDR EX 500GB Cartridge,1928.78,7,0.0,829.3754,2017-09
912,CA-2017-137596,2017-09-02,2017-09-07,Standard Class,BE-11335,Bill Eplett,Home Office,United States,Jackson,Michigan,49201,Central,OFF-ST-10003816,Office Supplies,Storage,Fellowes High-Stak Drawer Files,352.38,2,0.0,81.0474,2017-09
913,CA-2015-133627,2015-05-31,2015-06-07,Standard Class,SC-20050,Sample Company A,Home Office,United States,Norwich,Connecticut,6360,East,FUR-FU-10001935,Furniture,Furnishings,3M Hangers With Command Adhesive,22.2,6,0.0,9.102,2015-05
914,CA-2017-102519,2017-11-27,2017-11-29,First Class,BM-11650,Brian Moss,Corporate,United States,Milwaukee,Wisconsin,53209,Central,FUR-FU-10004091,Furniture,Furnishings,"Howard Miller 13"" Diameter Goldtone Round Wall Clock",46.94,1,0.0,19.2454,2017-11
915,CA-2017-102519,2017-11-27,2017-11-29,First Class,BM-11650,Brian Moss,Corporate,United States,Milwaukee,Wisconsin,53209,Central,TEC-AC-10001772,Technology,Accessories,Memorex Mini Travel Drive 16 GB USB 2.0 Flash Drive,143.73,9,0.0,56.0547,2017-11
916,US-2014-141215,2014-06-15,2014-06-21,Standard Class,KL-16555,Kelly Lampkin,Corporate,United States,San Antonio,Texas,78207,Central,FUR-TA-10001520,Furniture,Tables,"Lesro Sheffield Collection Coffee Table, End Table, Center Table, Corner Table",99.918,2,0.3,-18.5562,2014-06
917,US-2014-141215,2014-06-15,2014-06-21,Standard Class,KL-16555,Kelly Lampkin,Corporate,United States,San Antonio,Texas,78207,Central,FUR-CH-10003379,Furniture,Chairs,Global Commerce Series High-Back Swivel/Tilt Chairs,797.944,4,0.3,-56.996,2014-06
918,US-2014-141215,2014-06-15,2014-06-21,Standard Class,KL-16555,Kelly Lampkin,Corporate,United States,San Antonio,Texas,78207,Central,OFF-BI-10002706,Office Supplies,Binders,Avery Premier Heavy-Duty Binder with Round Locking Rings,8.568,3,0.8,-14.5656,2014-06
919,CA-2016-165218,2016-03-05,2016-03-11,Standard Class,RW-19630,Rob Williams,Corporate,United States,Dallas,Texas,75220,Central,OFF-EN-10000056,Office Supplies,Envelopes,Cameo Buff Policy Envelopes,149.352,3,0.2,50.4063,2016-03
920,CA-2016-165218,2016-03-05,2016-03-11,Standard Class,RW-19630,Rob Williams,Corporate,United States,Dallas,Texas,75220,Central,OFF-ST-10001558,Office Supplies,Storage,Acco Perma 4000 Stacking Storage Drawers,12.992,1,0.2,-0.812,2016-03
921,CA-2014-138296,2014-12-05,2014-12-12,Standard Class,RC-19825,Roy Collins,Consumer,United States,Alexandria,Virginia,22304,South,OFF-ST-10002444,Office Supplies,Storage,Recycled Eldon Regeneration Jumbo File,24.56,2,0.0,6.8768,2014-12
922,CA-2015-111164,2015-04-11,2015-04-15,Standard Class,SE-20110,Sanjit Engle,Consumer,United States,New York City,New York,10009,East,TEC-AC-10002473,Technology,Accessories,Maxell 4.7GB DVD-R,85.14,3,0.0,34.9074,2015-04
923,CA-2015-111164,2015-04-11,2015-04-15,Standard Class,SE-20110,Sanjit Engle,Consumer,United States,New York City,New York,10009,East,TEC-PH-10004531,Technology,Phones,OtterBox Commuter Series Case - iPhone 5 & 5s,21.99,1,0.0,10.5552,2015-04
924,CA-2015-111164,2015-04-11,2015-04-15,Standard Class,SE-20110,Sanjit Engle,Consumer,United States,New York City,New York,10009,East,OFF-AP-10004487,Office Supplies,Appliances,Kensington 4 Outlet MasterPiece Compact Power Control Center,406.6,5,0.0,113.848,2015-04
925,CA-2016-149797,2016-09-15,2016-09-20,Standard Class,AH-10075,Adam Hart,Corporate,United States,New York City,New York,10011,East,OFF-BI-10003650,Office Supplies,Binders,GBC DocuBind 300 Electric Binding Machine,841.568,2,0.2,294.5488,2016-09
926,CA-2014-132962,2014-09-13,2014-09-16,First Class,JM-15535,Jessica Myrick,Consumer,United States,Philadelphia,Pennsylvania,19143,East,OFF-PA-10003543,Office Supplies,Paper,Xerox 1985,15.552,3,0.2,5.4432,2014-09
927,CA-2014-132962,2014-09-13,2014-09-16,First Class,JM-15535,Jessica Myrick,Consumer,United States,Philadelphia,Pennsylvania,19143,East,TEC-AC-10004353,Technology,Accessories,Hypercom P1300 Pinpad,252.0,5,0.2,53.55,2014-09
928,CA-2015-115091,2015-10-05,2015-10-09,Standard Class,JJ-15760,Joel Jenkins,Home Office,United States,Springfield,Virginia,22153,South,OFF-AR-10000658,Office Supplies,Art,Newell 324,46.2,4,0.0,12.936,2015-10
929,CA-2015-115091,2015-10-05,2015-10-09,Standard Class,JJ-15760,Joel Jenkins,Home Office,United States,Springfield,Virginia,22153,South,OFF-AP-10000696,Office Supplies,Appliances,Holmes Odor Grabber,28.84,2,0.0,9.5172,2015-10
930,CA-2017-144932,2017-04-14,2017-04-17,First Class,AB-10165,Alan Barnes,Consumer,United States,Toledo,Ohio,43615,East,OFF-AR-10003560,Office Supplies,Art,Zebra Zazzle Fluorescent Highlighters,14.592,3,0.2,2.5536,2017-04
931,CA-2017-144932,2017-04-14,2017-04-17,First Class,AB-10165,Alan Barnes,Consumer,United States,Toledo,Ohio,43615,East,OFF-AR-10001468,Office Supplies,Art,"Sanford Prismacolor Professional Thick Lead Art Pencils, 36-Color Set",89.856,3,0.2,21.3408,2017-04
932,CA-2017-144932,2017-04-14,2017-04-17,First Class,AB-10165,Alan Barnes,Consumer,United States,Toledo,Ohio,43615,East,OFF-PA-10004971,Office Supplies,Paper,Xerox 196,13.872,3,0.2,5.0286,2017-04
933,CA-2017-114216,2017-09-02,2017-09-06,Standard Class,RK-19300,Ralph Kennedy,Consumer,United States,Philadelphia,Pennsylvania,19140,East,OFF-PA-10002195,Office Supplies,Paper,"RSVP Cards & Envelopes, Blank White, 8-1/2"" X 11"", 24 Cards/25 Envelopes/Set",12.192,3,0.2,4.1148,2017-09
934,CA-2016-140081,2016-06-20,2016-06-24,Standard Class,CG-12040,Catherine Glotzbach,Home Office,United States,Philadelphia,Pennsylvania,19120,East,OFF-PA-10001745,Office Supplies,Paper,"Wirebound Message Books, 2 7/8"" x 5"", 3 Forms per Page",45.056,8,0.2,15.2064,2016-06
935,CA-2016-140081,2016-06-20,2016-06-24,Standard Class,CG-12040,Catherine Glotzbach,Home Office,United States,Philadelphia,Pennsylvania,19120,East,OFF-BI-10004826,Office Supplies,Binders,JM Magazine Binder,29.718,6,0.7,-21.7932,2016-06
936,CA-2016-140081,2016-06-20,2016-06-24,Standard Class,CG-12040,Catherine Glotzbach,Home Office,United States,Philadelphia,Pennsylvania,19120,East,OFF-PA-10001870,Office Supplies,Paper,Xerox 202,15.552,3,0.2,5.4432,2016-06
937,CA-2016-140081,2016-06-20,2016-06-24,Standard Class,CG-12040,Catherine Glotzbach,Home Office,United States,Philadelphia,Pennsylvania,19120,East,OFF-AP-10001058,Office Supplies,Appliances,Sanyo 2.5 Cubic Foot Mid-Size Office Refrigerators,447.696,2,0.2,33.5772,2016-06
938,US-2017-111745,2017-11-05,2017-11-06,First Class,RA-19885,Ruben Ausman,Corporate,United States,Farmington,New Mexico,87401,West,TEC-AC-10003911,Technology,Accessories,NETGEAR AC1750 Dual Band Gigabit Smart WiFi Router,159.99,1,0.0,54.3966,2017-11
939,CA-2015-148250,2015-12-13,2015-12-17,Standard Class,RP-19270,Rachel Payne,Corporate,United States,Riverside,California,92503,West,OFF-PA-10000289,Office Supplies,Paper,Xerox 213,12.96,2,0.0,6.2208,2015-12
940,CA-2015-148250,2015-12-13,2015-12-17,Standard Class,RP-19270,Rachel Payne,Corporate,United States,Riverside,California,92503,West,OFF-AP-10003040,Office Supplies,Appliances,Fellowes 8 Outlet Superior Workstation Surge Protector w/o Phone/Fax/Modem Protection,134.48,4,0.0,34.9648,2015-12
941,CA-2016-105760,2016-06-19,2016-06-20,First Class,KC-16255,Karen Carlisle,Corporate,United States,San Francisco,California,94110,West,OFF-PA-10000350,Office Supplies,Paper,"Message Book, Standard Line ""While You Were Out"", 5 1/2"" X 4"", 200 Sets/Book",17.12,2,0.0,8.0464,2016-06
942,CA-2016-142958,2016-12-13,2016-12-20,Standard Class,RW-19630,Rob Williams,Corporate,United States,Torrance,California,90503,West,OFF-BI-10001759,Office Supplies,Binders,"Acco Pressboard Covers with Storage Hooks, 14 7/8"" x 11"", Dark Blue",6.096,2,0.2,2.2098,2016-12
943,CA-2016-142958,2016-12-13,2016-12-20,Standard Class,RW-19630,Rob Williams,Corporate,United States,Torrance,California,90503,West,FUR-TA-10000577,Furniture,Tables,Bretford CR4500 Series Slim Rectangular Table,1114.272,4,0.2,41.7852,2016-12
944,CA-2015-120880,2015-05-29,2015-06-03,Standard Class,JL-15850,John Lucas,Consumer,United States,Seattle,Washington,98105,West,OFF-PA-10004101,Office Supplies,Paper,Xerox 1894,32.4,5,0.0,15.552,2015-05
945,CA-2015-120880,2015-05-29,2015-06-03,Standard Class,JL-15850,John Lucas,Consumer,United States,Seattle,Washington,98105,West,OFF-ST-10001496,Office Supplies,Storage,Standard Rollaway File with Lock,540.57,3,0.0,140.5482,2015-05
946,CA-2015-120880,2015-05-29,2015-06-03,Standard Class,JL-15850,John Lucas,Consumer,United States,Seattle,Washington,98105,West,OFF-BI-10002931,Office Supplies,Binders,"Avery Trapezoid Extra Heavy Duty 4"" Binders",167.76,5,0.2,62.91,2015-05
947,US-2015-140200,2015-07-26,2015-07-28,First Class,CA-12775,Cynthia Arntzen,Consumer,United States,Mesa,Arizona,85204,West,FUR-TA-10002356,Furniture,Tables,Bevis Boat-Shaped Conference Table,393.165,3,0.5,-204.4458,2015-07
948,US-2017-110576,2017-11-28,2017-12-02,Standard Class,RB-19795,Ross Baird,Home Office,United States,Philadelphia,Pennsylvania,19120,East,FUR-FU-10003601,Furniture,Furnishings,"Deflect-o RollaMat Studded, Beveled Mat for Medium Pile Carpeting",516.488,7,0.2,-12.9122,2017-11
949,US-2017-110576,2017-11-28,2017-12-02,Standard Class,RB-19795,Ross Baird,Home Office,United States,Philadelphia,Pennsylvania,19120,East,FUR-FU-10000576,Furniture,Furnishings,Luxo Professional Fluorescent Magnifier Lamp with Clamp-Mount Base,1007.232,6,0.2,75.5424,2017-11
950,US-2017-110576,2017-11-28,2017-12-02,Standard Class,RB-19795,Ross Baird,Home Office,United States,Philadelphia,Pennsylvania,19120,East,FUR-TA-10004154,Furniture,Tables,"Riverside Furniture Oval Coffee Table, Oval End Table, End Table with Drawer",2065.32,12,0.4,-619.596,2017-11
951,US-2017-110576,2017-11-28,2017-12-02,Standard Class,RB-19795,Ross Baird,Home Office,United States,Philadelphia,Pennsylvania,19120,East,OFF-PA-10000788,Office Supplies,Paper,Xerox 210,15.552,3,0.2,5.4432,2017-11
952,US-2017-110576,2017-11-28,2017-12-02,Standard Class,RB-19795,Ross Baird,Home Office,United States,Philadelphia,Pennsylvania,19120,East,OFF-PA-10002479,Office Supplies,Paper,Xerox 4200 Series MultiUse Premium Copy Paper (20Lb. and 84 Bright),25.344,6,0.2,7.92,2017-11
953,CA-2017-131156,2017-04-03,2017-04-07,Standard Class,KH-16360,Katherine Hughes,Consumer,United States,Philadelphia,Pennsylvania,19143,East,FUR-FU-10001940,Furniture,Furnishings,Staple-based wall hangings,25.472,4,0.2,7.6416,2017-04
954,CA-2017-136539,2017-12-28,2018-01-01,Standard Class,GH-14665,Greg Hansen,Consumer,United States,Round Rock,Texas,78664,Central,OFF-AR-10001958,Office Supplies,Art,Stanley Bostitch Contemporary Electric Pencil Sharpeners,27.168,2,0.2,2.7168,2017-12
955,CA-2017-136539,2017-12-28,2018-01-01,Standard Class,GH-14665,Greg Hansen,Consumer,United States,Round Rock,Texas,78664,Central,FUR-BO-10004709,Furniture,Bookcases,"Bush Westfield Collection Bookcases, Medium Cherry Finish",78.8528,2,0.32,-11.596,2017-12
956,CA-2017-119305,2017-11-30,2017-12-04,Standard Class,SW-20275,Scott Williamson,Consumer,United States,Jackson,Mississippi,39212,South,OFF-ST-10000604,Office Supplies,Storage,Home/Office Personal File Carts,173.8,5,0.0,43.45,2017-11
957,CA-2017-102414,2017-05-15,2017-05-18,Second Class,JA-15970,Joseph Airdo,Consumer,United States,Phoenix,Arizona,85023,West,TEC-PH-10002923,Technology,Phones,"Logitech B530 USB Headset - headset - Full size, Binaural",29.592,1,0.2,2.5893,2017-05
958,CA-2017-102414,2017-05-15,2017-05-18,Second Class,JA-15970,Joseph Airdo,Consumer,United States,Phoenix,Arizona,85023,West,OFF-BI-10004465,Office Supplies,Binders,Avery Durable Slant Ring Binders,4.752,2,0.7,-3.168,2017-05
959,CA-2017-102414,2017-05-15,2017-05-18,Second Class,JA-15970,Joseph Airdo,Consumer,United States,Phoenix,Arizona,85023,West,OFF-PA-10002333,Office Supplies,Paper,"Universal Ultra Bright White Copier/Laser Paper, 8 1/2"" x 11"", Ream",15.552,3,0.2,5.6376,2017-05
960,CA-2015-112571,2015-09-22,2015-09-22,Same Day,DL-12925,Daniel Lacy,Consumer,United States,Oceanside,California,92054,West,FUR-FU-10004188,Furniture,Furnishings,Luxo Professional Combination Clamp-On Lamps,204.6,2,0.0,53.196,2015-09
961,CA-2017-152142,2017-11-14,2017-11-19,Standard Class,LW-16990,Lindsay Williams,Corporate,United States,San Francisco,California,94110,West,FUR-CH-10002965,Furniture,Chairs,"Global Leather Highback Executive Chair with Pneumatic Height Adjustment, Black",321.568,2,0.2,28.1372,2017-11
962,CA-2015-160059,2015-11-27,2015-12-01,Standard Class,TB-21190,Thomas Brumley,Home Office,United States,Fayetteville,Arkansas,72701,South,OFF-BI-10000145,Office Supplies,Binders,Zipper Ring Binder Pockets,6.24,2,0.0,3.0576,2015-11
963,CA-2016-120859,2016-09-01,2016-09-04,First Class,CV-12805,Cynthia Voltz,Corporate,United States,San Francisco,California,94110,West,OFF-EN-10001335,Office Supplies,Envelopes,"White Business Envelopes with Contemporary Seam, Recycled White Business Envelopes",21.88,2,0.0,10.94,2016-09
964,CA-2014-127488,2014-09-22,2014-09-24,Second Class,MS-17365,Maribeth Schnelling,Consumer,United States,Boca Raton,Florida,33433,South,OFF-LA-10001613,Office Supplies,Labels,Avery File Folder Labels,4.608,2,0.2,1.6704,2014-09
965,CA-2017-135279,2017-04-09,2017-04-11,First Class,BS-11800,Bryan Spruell,Home Office,United States,New York City,New York,10011,East,OFF-LA-10004055,Office Supplies,Labels,Color-Coded Legal Exhibit Labels,9.82,2,0.0,4.8118,2017-04
966,CA-2017-135279,2017-04-09,2017-04-11,First Class,BS-11800,Bryan Spruell,Home Office,United States,New York City,New York,10011,East,OFF-AR-10004344,Office Supplies,Art,Bulldog Vacuum Base Pencil Sharpener,35.97,3,0.0,9.7119,2017-04
967,CA-2017-135279,2017-04-09,2017-04-11,First Class,BS-11800,Bryan Spruell,Home Office,United States,New York City,New York,10011,East,OFF-PA-10004621,Office Supplies,Paper,Xerox 212,12.96,2,0.0,6.2208,2017-04
968,CA-2017-135279,2017-04-09,2017-04-11,First Class,BS-11800,Bryan Spruell,Home Office,United States,New York City,New York,10011,East,OFF-PA-10001281,Office Supplies,Paper,Computer Printout Paper with Letter-Trim Fine Perforations,191.6,4,0.0,91.968,2017-04
969,CA-2017-135279,2017-04-09,2017-04-11,First Class,BS-11800,Bryan Spruell,Home Office,United States,New York City,New York,10011,East,OFF-LA-10001613,Office Supplies,Labels,Avery File Folder Labels,8.64,3,0.0,4.2336,2017-04
970,CA-2017-135279,2017-04-09,2017-04-11,First Class,BS-11800,Bryan Spruell,Home Office,United States,New York City,New York,10011,East,OFF-ST-10001097,Office Supplies,Storage,Office Impressions Heavy Duty Welded Shelving & Multimedia Storage Drawers,501.81,3,0.0,0.0,2017-04
971,CA-2014-115791,2014-01-16,2014-01-18,Second Class,DL-13315,Delfina Latchford,Consumer,United States,Philadelphia,Pennsylvania,19134,East,FUR-FU-10001095,Furniture,Furnishings,DAX Black Cherry Wood-Tone Poster Frame,127.104,6,0.2,28.5984,2014-01
972,CA-2014-115791,2014-01-16,2014-01-18,Second Class,DL-13315,Delfina Latchford,Consumer,United States,Philadelphia,Pennsylvania,19134,East,TEC-PH-10004614,Technology,Phones,AT&T 841000 Phone,124.2,3,0.4,-31.05,2014-01
973,CA-2014-115791,2014-01-16,2014-01-18,Second Class,DL-13315,Delfina Latchford,Consumer,United States,Philadelphia,Pennsylvania,19134,East,OFF-BI-10001575,Office Supplies,Binders,GBC Linen Binding Covers,18.588,2,0.7,-13.6312,2014-01
974,CA-2014-115791,2014-01-16,2014-01-18,Second Class,DL-13315,Delfina Latchford,Consumer,United States,Philadelphia,Pennsylvania,19134,East,OFF-LA-10001074,Office Supplies,Labels,Round Specialty Laser Printer Labels,30.072,3,0.2,10.1493,2014-01
975,US-2017-103247,2017-10-05,2017-10-08,Second Class,PO-19195,Phillina Ober,Home Office,United States,New York City,New York,10011,East,TEC-PH-10003555,Technology,Phones,Motorola HK250 Universal Bluetooth Headset,160.93,7,0.0,3.2186,2017-10
976,US-2017-103247,2017-10-05,2017-10-08,Second Class,PO-19195,Phillina Ober,Home Office,United States,New York City,New York,10011,East,OFF-BI-10004492,Office Supplies,Binders,Tuf-Vin Binders,75.792,3,0.2,25.5798,2017-10
977,US-2017-100209,2017-07-09,2017-07-15,Standard Class,TD-20995,Tamara Dahlen,Consumer,United States,Portland,Oregon,97206,West,OFF-BI-10002012,Office Supplies,Binders,Wilson Jones Easy Flow II Sheet Lifters,1.08,2,0.7,-0.792,2017-07
978,CA-2017-159366,2017-01-07,2017-01-10,First Class,BW-11110,Bart Watters,Corporate,United States,Detroit,Michigan,48205,Central,TEC-MA-10000822,Technology,Machines,Lexmark MX611dhe Monochrome Laser Printer,3059.982,2,0.1,679.996,2017-01
979,CA-2016-145499,2016-05-30,2016-05-31,First Class,RW-19690,Robert Waldorf,Consumer,United States,Wilmington,North Carolina,28403,South,OFF-BI-10000848,Office Supplies,Binders,Angle-D Ring Binders,3.282,2,0.7,-2.6256,2016-05
980,CA-2015-157035,2015-12-09,2015-12-12,First Class,KB-16600,Ken Brennan,Corporate,United States,Columbus,Indiana,47201,Central,OFF-PA-10004156,Office Supplies,Paper,Xerox 188,34.02,3,0.0,16.6698,2015-12
981,CA-2016-144939,2016-10-03,2016-10-08,Standard Class,EB-13870,Emily Burns,Consumer,United States,New York City,New York,10035,East,FUR-CH-10003199,Furniture,Chairs,Office Star - Contemporary Task Swivel Chair,599.292,6,0.1,93.2232,2016-10
982,CA-2014-163419,2014-11-11,2014-11-14,Second Class,TZ-21580,Tracy Zic,Consumer,United States,Louisville,Colorado,80027,West,OFF-AR-10000034,Office Supplies,Art,"BIC Brite Liner Grip Highlighters, Assorted, 5/Pack",3.392,1,0.2,0.8056,2014-11
983,CA-2014-163419,2014-11-11,2014-11-14,Second Class,TZ-21580,Tracy Zic,Consumer,United States,Louisville,Colorado,80027,West,TEC-PH-10000560,Technology,Phones,Samsung Galaxy S III - 16GB - pebble blue (T-Mobile),559.984,2,0.2,55.9984,2014-11
984,CA-2014-163419,2014-11-11,2014-11-14,Second Class,TZ-21580,Tracy Zic,Consumer,United States,Louisville,Colorado,80027,West,FUR-CH-10000665,Furniture,Chairs,"Global Airflow Leather Mesh Back Chair, Black",603.92,5,0.2,75.49,2014-11
985,CA-2017-100314,2017-09-29,2017-10-05,Standard Class,AS-10630,Ann Steele,Home Office,United States,Pasadena,Texas,77506,Central,OFF-LA-10001569,Office Supplies,Labels,Avery 499,7.968,2,0.2,2.5896,2017-09
986,CA-2017-100314,2017-09-29,2017-10-05,Standard Class,AS-10630,Ann Steele,Home Office,United States,Pasadena,Texas,77506,Central,OFF-EN-10000461,Office Supplies,Envelopes,"#10- 4 1/8"" x 9 1/2"" Recycled Envelopes",27.968,4,0.2,9.4392,2017-09
987,CA-2017-100314,2017-09-29,2017-10-05,Standard Class,AS-10630,Ann Steele,Home Office,United States,Pasadena,Texas,77506,Central,TEC-MA-10003066,Technology,Machines,Wasp CCD Handheld Bar Code Reader,336.51,3,0.4,44.868,2017-09
988,CA-2015-146829,2015-03-10,2015-03-10,Same Day,TS-21340,Toby Swindell,Consumer,United States,Houston,Texas,77041,Central,OFF-BI-10004022,Office Supplies,Binders,Acco Suede Grain Vinyl Round Ring Binder,1.112,2,0.8,-1.8904,2015-03
989,CA-2017-167899,2017-05-21,2017-05-26,Standard Class,JG-15805,John Grady,Corporate,United States,Auburn,New York,13021,East,FUR-FU-10004071,Furniture,Furnishings,Luxo Professional Magnifying Clamp-On Fluorescent Lamps,520.05,5,0.0,72.807,2017-05
990,CA-2017-167899,2017-05-21,2017-05-26,Standard Class,JG-15805,John Grady,Corporate,United States,Auburn,New York,13021,East,OFF-AR-10001988,Office Supplies,Art,Bulldog Table or Wall-Mount Pencil Sharpener,17.97,3,0.0,5.2113,2017-05
991,CA-2015-153549,2015-03-29,2015-03-31,Second Class,SL-20155,Sara Luxemburg,Home Office,United States,Jacksonville,Florida,32216,South,FUR-CH-10004086,Furniture,Chairs,Hon 4070 Series Pagoda Armless Upholstered Stacking Chairs,1166.92,5,0.2,131.2785,2015-03
992,CA-2016-110023,2016-09-09,2016-09-11,First Class,TS-21610,Troy Staebel,Consumer,United States,New York City,New York,10024,East,OFF-BI-10001036,Office Supplies,Binders,Cardinal EasyOpen D-Ring Binders,14.624,2,0.2,5.484,2016-09
993,CA-2016-105585,2016-08-26,2016-08-27,First Class,RF-19735,Roland Fjeld,Consumer,United States,San Jose,California,95123,West,OFF-FA-10002983,Office Supplies,Fasteners,Advantus SlideClip Paper Clips,10.23,3,0.0,4.9104,2016-08
994,CA-2016-105585,2016-08-26,2016-08-27,First Class,RF-19735,Roland Fjeld,Consumer,United States,San Jose,California,95123,West,OFF-PA-10003625,Office Supplies,Paper,Xerox 1979,154.9,5,0.0,69.705,2016-08
995,CA-2014-117639,2014-05-21,2014-05-25,Standard Class,MW-18235,Mitch Willingham,Corporate,United States,Virginia Beach,Virginia,23464,South,OFF-BI-10003925,Office Supplies,Binders,Fellowes PB300 Plastic Comb Binding Machine,2715.93,7,0.0,1276.4871,2014-05
996,CA-2014-117639,2014-05-21,2014-05-25,Standard Class,MW-18235,Mitch Willingham,Corporate,United States,Virginia Beach,Virginia,23464,South,TEC-PH-10001530,Technology,Phones,Plantronics Voyager Pro Legend,617.97,3,0.0,173.0316,2014-05
997,CA-2015-162537,2015-10-28,2015-11-03,Standard Class,RD-19585,Rob Dowd,Consumer,United States,Henderson,Kentucky,42420,South,OFF-EN-10003862,Office Supplies,Envelopes,Laser & Ink Jet Business Envelopes,10.67,1,0.0,4.9082,2015-10
998,CA-2015-162537,2015-10-28,2015-11-03,Standard Class,RD-19585,Rob Dowd,Consumer,United States,Henderson,Kentucky,42420,South,OFF-ST-10004258,Office Supplies,Storage,Portable Personal File Box,36.63,3,0.0,9.8901,2015-10
999,CA-2015-162537,2015-10-28,2015-11-03,Standard Class,RD-19585,Rob Dowd,Consumer,United States,Henderson,Kentucky,42420,South,FUR-FU-10002885,Furniture,Furnishings,Magna Visual Magnetic Picture Hangers,24.1,5,0.0,9.158,2015-10
1000,CA-2015-162537,2015-10-28,2015-11-03,Standard Class,RD-19585,Rob Dowd,Consumer,United States,Henderson,Kentucky,42420,South,FUR-FU-10001918,Furniture,Furnishings,C-Line Cubicle Keepers Polyproplyene Holder With Velcro Backings,33.11,7,0.0,12.9129,2015-10
